-- MySQL dump 10.13  Distrib 5.7.33, for Linux (x86_64)
--
-- Host: 127.0.0.1    Database: controle_clientes
-- ------------------------------------------------------
-- Server version	5.7.33-0ubuntu0.18.04.1

/*!40101 SET @OLD_CHARACTER_SET_CLIENT=@@CHARACTER_SET_CLIENT */;
/*!40101 SET @OLD_CHARACTER_SET_RESULTS=@@CHARACTER_SET_RESULTS */;
/*!40101 SET @OLD_COLLATION_CONNECTION=@@COLLATION_CONNECTION */;
/*!40101 SET NAMES utf8 */;
/*!40103 SET @OLD_TIME_ZONE=@@TIME_ZONE */;
/*!40103 SET TIME_ZONE='+00:00' */;
/*!40014 SET @OLD_UNIQUE_CHECKS=@@UNIQUE_CHECKS, UNIQUE_CHECKS=0 */;
/*!40014 SET @OLD_FOREIGN_KEY_CHECKS=@@FOREIGN_KEY_CHECKS, FOREIGN_KEY_CHECKS=0 */;
/*!40101 SET @OLD_SQL_MODE=@@SQL_MODE, SQL_MODE='NO_AUTO_VALUE_ON_ZERO' */;
/*!40111 SET @OLD_SQL_NOTES=@@SQL_NOTES, SQL_NOTES=0 */;

--
-- Table structure for table `cidades`
--

DROP TABLE IF EXISTS `cidades`;
/*!40101 SET @saved_cs_client     = @@character_set_client */;
/*!40101 SET character_set_client = utf8 */;
CREATE TABLE `cidades` (
  `idcidades` int(11) NOT NULL AUTO_INCREMENT,
  `cidades` varchar(45) DEFAULT NULL,
  `uf` varchar(2) DEFAULT NULL,
  `ultupdate` timestamp NULL DEFAULT CURRENT_TIMESTAMP ON UPDATE CURRENT_TIMESTAMP,
  PRIMARY KEY (`idcidades`)
) ENGINE=InnoDB DEFAULT CHARSET=latin1;
/*!40101 SET character_set_client = @saved_cs_client */;

--
-- Dumping data for table `cidades`
--

LOCK TABLES `cidades` WRITE;
/*!40000 ALTER TABLE `cidades` DISABLE KEYS */;
/*!40000 ALTER TABLE `cidades` ENABLE KEYS */;
UNLOCK TABLES;

--
-- Table structure for table `clientes`
--

DROP TABLE IF EXISTS `clientes`;
/*!40101 SET @saved_cs_client     = @@character_set_client */;
/*!40101 SET character_set_client = utf8 */;
CREATE TABLE `clientes` (
  `codigo` int(11) NOT NULL AUTO_INCREMENT,
  `tipo` varchar(15) DEFAULT NULL,
  `nome` varchar(60) DEFAULT NULL,
  `cpf` varchar(20) DEFAULT NULL,
  `rg` varchar(20) DEFAULT NULL,
  `telefone` varchar(15) DEFAULT NULL,
  `endereco` varchar(100) DEFAULT NULL,
  `idcidade` int(11) DEFAULT NULL,
  `ultupdate` timestamp NULL DEFAULT CURRENT_TIMESTAMP ON UPDATE CURRENT_TIMESTAMP,
  PRIMARY KEY (`codigo`)
) ENGINE=InnoDB AUTO_INCREMENT=19 DEFAULT CHARSET=latin1;
/*!40101 SET character_set_client = @saved_cs_client */;

--
-- Dumping data for table `clientes`
--

LOCK TABLES `clientes` WRITE;
/*!40000 ALTER TABLE `clientes` DISABLE KEYS */;
INSERT INTO `clientes` VALUES (1,'pessoa Física','Alexandre Leonel de Oliveira','25664097817','287752537','11971512237','Rua Ernestina Loschi, 76',NULL,'2021-04-04 15:58:30'),(2,'Pessoa Jurídica','Rosemary A. de Oliveira','13592883844','18802072','11975618992','Rua Ernestina Loschi, 76',NULL,'2021-04-04 15:58:30'),(12,'Pessoa Física','Iara Cristina do Carmo Mina','25667097817','287752537','11971512237','Rua João Scabin 409',NULL,'2021-04-04 15:58:30'),(13,'Pessoa Física','Clovis Fagunde Junior','25667097817','287752537','11971512237','Rua Petronílha Antunes 58',NULL,'2021-04-04 15:58:30'),(14,'Pessoa Física','Bigo Rilho','25664097817','287752537','11971512237','Rua 23 de Maio 45',NULL,'2021-04-04 15:58:30'),(15,'Pessoa Física','Marley Camargo','25664097817','287752537','11971512237','Rua Rio branco 123',NULL,'2021-04-04 15:58:30'),(16,'Pessoa Física','Sonia Regina do Carmo Mina','25664097817','287752537','11971512237','Rua ponte torta 345',NULL,'2021-04-04 15:58:30'),(17,'Pessoa Física','Luna Cachorrinha','12005487457','78457788773','11971512237','Rua ernestina loschi 76',NULL,'2021-04-04 15:58:30'),(18,'Pessoa Física','Kiko cachorrinho chato','12356897487','457845781112','1175618992','Rua Do Cruzeiro 85',NULL,'2021-04-04 15:58:30');
/*!40000 ALTER TABLE `clientes` ENABLE KEYS */;
UNLOCK TABLES;

--
-- Table structure for table `estoque`
--

DROP TABLE IF EXISTS `estoque`;
/*!40101 SET @saved_cs_client     = @@character_set_client */;
/*!40101 SET character_set_client = utf8 */;
CREATE TABLE `estoque` (
  `idestoque` int(11) NOT NULL AUTO_INCREMENT,
  `idproduto` int(11) NOT NULL,
  `estoque` decimal(10,0) NOT NULL DEFAULT '0',
  `ultupdate` timestamp NULL DEFAULT CURRENT_TIMESTAMP ON UPDATE CURRENT_TIMESTAMP,
  `status` varchar(1) NOT NULL,
  `preco_compra` decimal(10,2) DEFAULT '0.00',
  PRIMARY KEY (`idestoque`),
  KEY `fk_estoque_produto_idx` (`idproduto`),
  CONSTRAINT `fk_estoque_produto` FOREIGN KEY (`idproduto`) REFERENCES `produtos` (`codigo`) ON DELETE NO ACTION ON UPDATE NO ACTION
) ENGINE=InnoDB AUTO_INCREMENT=1063 DEFAULT CHARSET=latin1;
/*!40101 SET character_set_client = @saved_cs_client */;

--
-- Dumping data for table `estoque`
--

LOCK TABLES `estoque` WRITE;
/*!40000 ALTER TABLE `estoque` DISABLE KEYS */;
INSERT INTO `estoque` VALUES (1,1,100,'2021-04-21 17:55:00','E',0.00),(2,2,100,'2021-04-21 22:11:20','E',0.00),(3,1,50,'2021-04-21 22:20:51','E',0.00),(4,2,50,'2021-04-21 22:26:54','E',0.00),(5,1,2,'2021-04-21 22:20:51','S',0.00),(6,1,4,'2021-04-21 22:20:51','S',0.00),(7,3,100,'2021-04-22 16:22:00','E',0.00),(8,3,100,'2021-04-22 17:37:52','E',0.00),(9,2,50,'2021-04-22 18:17:07','E',0.00),(10,1,50,'2021-04-22 18:17:47','E',0.00),(11,4,100,'2021-04-22 19:54:34','E',0.00),(12,4,50,'2021-04-22 19:55:35','E',0.00),(15,5,100,'2021-04-23 16:21:05','E',0.00),(16,2,50,'2021-04-21 22:26:54','S',0.00),(22,6,5,'2021-04-24 02:26:08','E',0.00),(23,6,5,'2021-04-24 02:28:50','E',0.00),(24,6,15,'2021-04-24 02:34:51','E',0.00),(25,6,5,'2021-04-24 02:39:34','E',0.00),(26,6,5,'2021-04-24 02:40:29','E',0.00),(27,2,50,'2021-04-24 02:43:44','E',0.00),(28,2,50,'2021-04-24 02:46:32','E',0.00),(29,2,100,'2021-04-24 02:50:38','E',0.00),(30,2,100,'2021-04-24 02:52:50','E',0.00),(31,6,45,'2021-04-24 02:56:47','E',0.00),(32,2,100,'2021-04-24 03:00:14','E',0.00),(33,2,100,'2021-04-24 03:01:42','E',0.00),(34,6,120,'2021-04-25 03:32:29','E',20.45),(35,6,120,'2021-04-25 03:32:33','E',20.45),(36,5,200,'2021-04-25 03:34:47','E',2.50),(37,5,3,'2021-04-27 22:30:34','S',0.00),(38,3,10,'2021-04-27 22:30:34','S',0.00),(39,2,10,'2021-04-27 22:30:34','S',0.00),(40,5,12,'2021-04-27 22:30:34','S',0.00),(41,5,1,'2021-04-27 22:30:34','S',0.00),(42,5,12,'2021-04-27 22:30:34','S',0.00),(43,5,10,'2021-04-27 22:30:34','S',0.00),(44,2,30,'2021-04-27 22:30:34','S',0.00),(45,5,12,'2021-04-27 22:30:34','S',0.00),(46,5,12,'2021-04-27 22:30:34','S',0.00),(47,3,12,'2021-04-27 22:30:34','S',0.00),(48,5,1,'2021-04-27 22:30:34','S',0.00),(49,5,1,'2021-04-27 22:30:34','S',0.00),(50,5,1,'2021-04-27 22:30:34','S',0.00),(51,5,1,'2021-04-27 22:30:34','S',0.00),(52,5,1,'2021-04-27 22:30:34','S',0.00),(53,2,23,'2021-04-27 22:30:34','S',0.00),(54,1,43,'2021-04-27 22:30:34','S',0.00),(55,5,3,'2021-04-27 22:30:34','S',0.00),(56,5,2,'2021-04-27 22:30:34','S',0.00),(57,5,2,'2021-04-27 22:30:34','S',0.00),(58,5,12,'2021-04-27 22:30:34','S',0.00),(59,1,13,'2021-04-27 22:30:34','S',0.00),(60,5,3,'2021-04-27 22:30:34','S',0.00),(61,5,1,'2021-04-27 22:30:34','S',0.00),(62,5,12,'2021-04-27 22:30:34','S',0.00),(63,5,4,'2021-04-27 22:30:34','S',0.00),(64,5,34,'2021-04-27 22:30:34','S',0.00),(65,5,2,'2021-04-27 22:30:34','S',0.00),(66,5,4,'2021-04-27 22:30:34','S',0.00),(67,5,5,'2021-04-27 22:30:34','S',0.00),(68,5,5,'2021-04-27 22:30:34','S',0.00),(69,5,6,'2021-04-27 22:30:34','S',0.00),(70,5,7,'2021-04-27 22:30:34','S',0.00),(71,5,9,'2021-04-27 22:30:34','S',0.00),(72,5,9,'2021-04-27 22:30:34','S',0.00),(73,5,34,'2021-04-27 22:30:34','S',0.00),(74,5,45,'2021-04-27 22:30:34','S',0.00),(75,5,45,'2021-04-27 22:30:34','S',0.00),(76,5,23,'2021-04-27 22:30:34','S',0.00),(77,5,22,'2021-04-27 22:30:34','S',0.00),(78,1,10,'2021-04-27 22:30:34','S',0.00),(79,5,12,'2021-04-27 22:30:34','S',0.00),(80,3,100,'2021-04-27 22:30:34','S',0.00),(81,5,12,'2021-04-27 22:30:34','S',0.00),(82,5,2,'2021-04-27 22:30:34','S',0.00),(83,5,4,'2021-04-27 22:30:34','S',0.00),(84,5,23,'2021-04-27 22:30:34','S',0.00),(85,5,12,'2021-04-27 22:30:34','S',0.00),(86,5,12,'2021-04-27 22:30:34','S',0.00),(87,5,12,'2021-04-27 22:30:34','S',0.00),(88,1,12,'2021-04-27 22:30:34','S',0.00),(89,2,12,'2021-04-27 22:30:34','S',0.00),(90,3,12,'2021-04-27 22:30:34','S',0.00),(91,5,10,'2021-04-27 22:30:34','S',0.00),(92,2,15,'2021-04-27 22:30:34','S',0.00),(93,5,12,'2021-04-27 22:30:34','S',0.00),(94,2,10,'2021-04-27 22:30:34','S',0.00),(95,5,12,'2021-04-27 22:30:34','S',0.00),(96,1,20,'2021-04-27 22:30:34','S',0.00),(97,5,12,'2021-04-27 22:30:34','S',0.00),(98,5,12,'2021-04-27 22:30:34','S',0.00),(99,5,12,'2021-04-27 22:30:34','S',0.00),(100,2,10,'2021-04-27 22:30:34','S',0.00),(101,1,12,'2021-04-27 22:30:34','S',0.00),(102,1,10,'2021-04-27 22:30:34','S',0.00),(103,3,10,'2021-04-27 22:30:34','S',0.00),(104,1,10,'2021-04-27 22:30:34','S',0.00),(105,3,10,'2021-04-27 22:30:34','S',0.00),(106,5,25,'2021-04-27 22:30:34','S',0.00),(107,5,10,'2021-04-27 22:30:34','S',0.00),(108,2,10,'2021-04-27 22:30:34','S',0.00),(109,5,23,'2021-04-27 22:30:34','S',0.00),(110,1,14,'2021-04-27 22:30:34','S',0.00),(111,1,100,'2021-04-27 22:30:34','S',0.00),(112,2,50,'2021-04-27 22:30:34','S',0.00),(113,5,123,'2021-04-27 22:30:34','S',0.00),(114,5,34,'2021-04-27 22:30:34','S',0.00),(115,5,123,'2021-04-27 22:30:34','S',0.00),(116,2,2,'2021-04-27 22:30:34','S',0.00),(117,5,34,'2021-04-27 22:30:34','S',0.00),(118,2,56,'2021-04-27 22:30:34','S',0.00),(119,5,127,'2021-04-27 22:30:34','S',0.00),(120,5,12,'2021-04-27 22:30:34','S',0.00),(121,3,123,'2021-04-27 22:30:34','S',0.00),(122,5,1,'2021-04-27 22:30:34','S',0.00),(123,2,3,'2021-04-27 22:30:34','S',0.00),(124,5,126,'2021-04-27 22:30:34','S',0.00),(125,1,12,'2021-04-27 22:30:34','S',0.00),(126,3,34,'2021-04-27 22:30:34','S',0.00),(127,5,23,'2021-04-27 22:30:34','S',0.00),(128,2,23,'2021-04-27 22:30:34','S',0.00),(129,5,1234,'2021-04-27 22:30:34','S',0.00),(130,1,2345,'2021-04-27 22:30:34','S',0.00),(131,5,10,'2021-04-27 22:30:34','S',0.00),(132,5,23,'2021-04-27 22:30:34','S',0.00),(133,1,3,'2021-04-27 22:30:34','S',0.00),(134,1,25,'2021-04-27 22:30:34','S',0.00),(135,3,15,'2021-04-27 22:30:34','S',0.00),(136,5,3,'2021-04-27 22:30:34','S',0.00),(137,2,12,'2021-04-27 22:30:34','S',0.00),(138,5,15,'2021-04-27 22:30:34','S',0.00),(139,2,12,'2021-04-27 22:30:34','S',0.00),(140,5,15,'2021-04-27 22:30:34','S',0.00),(141,1,100,'2021-04-27 22:30:34','S',0.00),(142,5,60,'2021-04-27 22:30:34','S',0.00),(143,5,23,'2021-04-27 22:30:34','S',0.00),(144,2,15,'2021-04-27 22:30:34','S',0.00),(145,5,12,'2021-04-27 22:30:34','S',0.00),(146,1,12,'2021-04-27 22:30:34','S',0.00),(147,5,13,'2021-04-27 22:30:34','S',0.00),(148,5,13,'2021-04-27 22:30:34','S',0.00),(149,5,12,'2021-04-27 22:30:34','S',0.00),(150,5,12,'2021-04-27 22:30:34','S',0.00),(151,5,12,'2021-04-27 22:30:34','S',0.00),(152,5,12,'2021-04-27 22:30:34','S',0.00),(153,5,12,'2021-04-27 22:30:34','S',0.00),(154,5,12,'2021-04-27 22:30:34','S',0.00),(155,5,12,'2021-04-27 22:30:34','S',0.00),(156,5,12,'2021-04-27 22:30:34','S',0.00),(157,5,12,'2021-04-27 22:30:34','S',0.00),(158,5,34,'2021-04-27 22:30:34','S',0.00),(159,2,12,'2021-04-27 22:30:34','S',0.00),(160,4,20,'2021-04-27 22:30:34','S',0.00),(161,3,12,'2021-04-27 22:30:34','S',0.00),(162,1,12,'2021-04-27 22:30:34','S',0.00),(163,6,5,'2021-04-27 22:30:34','S',0.00),(164,5,34,'2021-04-27 22:30:34','S',0.00),(165,2,12,'2021-04-27 22:30:34','S',0.00),(166,4,20,'2021-04-27 22:30:34','S',0.00),(167,3,12,'2021-04-27 22:30:34','S',0.00),(168,1,12,'2021-04-27 22:30:34','S',0.00),(169,6,5,'2021-04-27 22:30:34','S',0.00),(170,2,12,'2021-04-27 22:30:34','S',0.00),(171,5,12,'2021-04-27 22:30:34','S',0.00),(172,5,12,'2021-04-27 22:30:34','S',0.00),(173,6,2,'2021-04-27 22:30:34','S',0.00),(174,5,12,'2021-04-27 22:30:34','S',0.00),(175,4,2,'2021-04-27 22:30:34','S',0.00),(176,6,2,'2021-04-27 22:30:34','S',0.00),(177,1,2,'2021-04-27 22:30:34','S',0.00),(178,4,2,'2021-04-27 22:30:34','S',0.00),(179,5,23,'2021-04-27 22:30:34','S',0.00),(180,6,1,'2021-04-27 22:30:34','S',0.00),(181,5,12,'2021-04-27 22:30:34','S',0.00),(182,6,2,'2021-04-27 22:30:34','S',0.00),(183,5,12,'2021-04-27 22:30:34','S',0.00),(184,6,1,'2021-04-27 22:30:34','S',0.00),(185,3,30,'2021-04-27 22:30:34','S',0.00),(186,4,12,'2021-04-27 22:30:34','S',0.00),(187,1,12,'2021-04-27 22:30:34','S',0.00),(188,2,12,'2021-04-27 22:30:34','S',0.00),(189,3,12,'2021-04-27 22:30:34','S',0.00),(190,5,12,'2021-04-27 22:30:34','S',0.00),(191,5,12,'2021-04-27 22:30:34','S',0.00),(192,6,2,'2021-04-27 22:30:34','S',0.00),(193,5,12,'2021-04-27 22:30:34','S',0.00),(194,1,12,'2021-04-27 22:30:34','S',0.00),(195,2,12,'2021-04-27 22:30:34','S',0.00),(196,5,12,'2021-04-27 22:30:34','S',0.00),(197,1,12,'2021-04-27 22:30:34','S',0.00),(198,5,12,'2021-04-27 22:30:34','S',0.00),(199,5,32,'2021-04-27 22:30:34','S',0.00),(200,5,50,'2021-04-27 22:30:34','S',0.00),(201,5,50,'2021-04-27 22:30:34','S',0.00),(202,3,45,'2021-04-27 22:30:34','S',0.00),(203,5,12,'2021-04-27 22:30:34','S',0.00),(204,5,3,'2021-04-27 22:30:34','S',0.00),(205,6,2,'2021-04-27 22:30:34','S',0.00),(206,1,100,'2021-04-27 22:30:34','S',0.00),(207,4,4,'2021-04-27 22:30:34','S',0.00),(208,5,1,'2021-04-27 22:30:34','S',0.00),(209,4,13,'2021-04-27 22:30:34','S',0.00),(210,1,1,'2021-04-27 22:30:34','S',0.00),(211,5,1,'2021-04-27 22:30:34','S',0.00),(212,5,1,'2021-04-27 22:30:34','S',0.00),(213,5,1,'2021-04-27 22:30:34','S',0.00),(214,5,12,'2021-04-27 22:30:34','S',0.00),(215,5,12,'2021-04-27 22:30:34','S',0.00),(216,5,12,'2021-04-27 22:30:34','S',0.00),(217,1,12,'2021-04-27 22:30:34','S',0.00),(218,5,12,'2021-04-27 22:30:34','S',0.00),(219,4,13,'2021-04-27 22:30:34','S',0.00),(220,5,1,'2021-04-27 22:30:34','S',0.00),(221,1,12,'2021-04-27 22:30:34','S',0.00),(222,6,12,'2021-04-27 22:30:34','S',0.00),(223,5,1,'2021-04-27 22:30:34','S',0.00),(224,5,12,'2021-04-27 22:30:34','S',0.00),(225,5,12,'2021-04-27 22:30:34','S',0.00),(226,5,12,'2021-04-27 22:30:34','S',0.00),(227,5,12,'2021-04-27 22:30:34','S',0.00),(228,5,12,'2021-04-27 22:30:34','S',0.00),(229,1,6,'2021-04-27 22:30:34','S',0.00),(230,5,12,'2021-04-27 22:30:34','S',0.00),(231,5,112,'2021-04-27 22:30:34','S',0.00),(232,5,12,'2021-04-27 22:30:34','S',0.00),(233,5,12,'2021-04-27 22:30:34','S',0.00),(234,6,1,'2021-04-27 22:30:34','S',0.00),(235,5,12,'2021-04-27 22:30:34','S',0.00),(236,5,12,'2021-04-27 22:30:34','S',0.00),(292,1,3000,'2021-04-27 22:34:16','E',1.25),(293,3,300,'2021-04-27 22:34:51','E',1.25),(294,5,3049,'2021-04-27 22:35:38','E',1.25),(295,5,3,'2021-04-28 01:13:24','S',0.00),(296,3,10,'2021-04-28 01:13:24','S',0.00),(297,2,10,'2021-04-28 01:13:24','S',0.00),(298,5,12,'2021-04-28 01:13:24','S',0.00),(299,5,1,'2021-04-28 01:13:24','S',0.00),(300,5,12,'2021-04-28 01:13:24','S',0.00),(301,5,10,'2021-04-28 01:13:24','S',0.00),(302,2,30,'2021-04-28 01:13:24','S',0.00),(303,5,12,'2021-04-28 01:13:24','S',0.00),(304,5,12,'2021-04-28 01:13:24','S',0.00),(305,3,12,'2021-04-28 01:13:24','S',0.00),(306,5,1,'2021-04-28 01:13:24','S',0.00),(307,5,1,'2021-04-28 01:13:24','S',0.00),(308,5,1,'2021-04-28 01:13:24','S',0.00),(309,5,1,'2021-04-28 01:13:24','S',0.00),(310,5,1,'2021-04-28 01:13:24','S',0.00),(311,2,23,'2021-04-28 01:13:24','S',0.00),(312,1,43,'2021-04-28 01:13:24','S',0.00),(313,5,3,'2021-04-28 01:13:24','S',0.00),(314,5,2,'2021-04-28 01:13:24','S',0.00),(315,5,2,'2021-04-28 01:13:24','S',0.00),(316,5,12,'2021-04-28 01:13:24','S',0.00),(317,1,13,'2021-04-28 01:13:24','S',0.00),(318,5,3,'2021-04-28 01:13:24','S',0.00),(319,5,1,'2021-04-28 01:13:24','S',0.00),(320,5,12,'2021-04-28 01:13:24','S',0.00),(321,5,4,'2021-04-28 01:13:24','S',0.00),(322,5,34,'2021-04-28 01:13:24','S',0.00),(323,5,2,'2021-04-28 01:13:24','S',0.00),(324,5,4,'2021-04-28 01:13:24','S',0.00),(325,5,5,'2021-04-28 01:13:24','S',0.00),(326,5,5,'2021-04-28 01:13:24','S',0.00),(327,5,6,'2021-04-28 01:13:24','S',0.00),(328,5,7,'2021-04-28 01:13:24','S',0.00),(329,5,9,'2021-04-28 01:13:24','S',0.00),(330,5,9,'2021-04-28 01:13:24','S',0.00),(331,5,34,'2021-04-28 01:13:24','S',0.00),(332,5,45,'2021-04-28 01:13:24','S',0.00),(333,5,45,'2021-04-28 01:13:24','S',0.00),(334,5,23,'2021-04-28 01:13:24','S',0.00),(335,5,22,'2021-04-28 01:13:24','S',0.00),(336,1,10,'2021-04-28 01:13:24','S',0.00),(337,5,12,'2021-04-28 01:13:24','S',0.00),(338,3,100,'2021-04-28 01:13:24','S',0.00),(339,5,12,'2021-04-28 01:13:24','S',0.00),(340,5,2,'2021-04-28 01:13:24','S',0.00),(341,5,4,'2021-04-28 01:13:24','S',0.00),(342,5,23,'2021-04-28 01:13:24','S',0.00),(343,5,12,'2021-04-28 01:13:24','S',0.00),(344,5,12,'2021-04-28 01:13:24','S',0.00),(345,5,12,'2021-04-28 01:13:24','S',0.00),(346,1,12,'2021-04-28 01:13:24','S',0.00),(347,2,12,'2021-04-28 01:13:24','S',0.00),(348,3,12,'2021-04-28 01:13:24','S',0.00),(349,5,10,'2021-04-28 01:13:24','S',0.00),(350,2,15,'2021-04-28 01:13:24','S',0.00),(351,5,12,'2021-04-28 01:13:24','S',0.00),(352,2,10,'2021-04-28 01:13:24','S',0.00),(353,5,12,'2021-04-28 01:13:24','S',0.00),(354,1,20,'2021-04-28 01:13:24','S',0.00),(355,5,12,'2021-04-28 01:13:24','S',0.00),(356,5,12,'2021-04-28 01:13:24','S',0.00),(357,5,12,'2021-04-28 01:13:24','S',0.00),(358,2,10,'2021-04-28 01:13:24','S',0.00),(359,1,12,'2021-04-28 01:13:24','S',0.00),(360,1,10,'2021-04-28 01:13:24','S',0.00),(361,3,10,'2021-04-28 01:13:24','S',0.00),(362,1,10,'2021-04-28 01:13:24','S',0.00),(363,3,10,'2021-04-28 01:13:24','S',0.00),(364,5,25,'2021-04-28 01:13:24','S',0.00),(365,5,10,'2021-04-28 01:13:24','S',0.00),(366,2,10,'2021-04-28 01:13:24','S',0.00),(367,5,23,'2021-04-28 01:13:24','S',0.00),(368,1,14,'2021-04-28 01:13:24','S',0.00),(369,1,100,'2021-04-28 01:13:24','S',0.00),(370,2,50,'2021-04-28 01:13:24','S',0.00),(371,5,123,'2021-04-28 01:13:24','S',0.00),(372,5,34,'2021-04-28 01:13:24','S',0.00),(373,5,123,'2021-04-28 01:13:24','S',0.00),(374,2,2,'2021-04-28 01:13:24','S',0.00),(375,5,34,'2021-04-28 01:13:24','S',0.00),(376,2,56,'2021-04-28 01:13:24','S',0.00),(377,5,127,'2021-04-28 01:13:24','S',0.00),(378,5,12,'2021-04-28 01:13:24','S',0.00),(379,3,123,'2021-04-28 01:13:24','S',0.00),(380,5,1,'2021-04-28 01:13:24','S',0.00),(381,2,3,'2021-04-28 01:13:24','S',0.00),(382,5,126,'2021-04-28 01:13:24','S',0.00),(383,1,12,'2021-04-28 01:13:24','S',0.00),(384,3,34,'2021-04-28 01:13:24','S',0.00),(385,5,23,'2021-04-28 01:13:24','S',0.00),(386,2,23,'2021-04-28 01:13:24','S',0.00),(387,5,1234,'2021-04-28 01:13:24','S',0.00),(388,1,2345,'2021-04-28 01:13:24','S',0.00),(389,5,10,'2021-04-28 01:13:24','S',0.00),(390,5,23,'2021-04-28 01:13:24','S',0.00),(391,1,3,'2021-04-28 01:13:24','S',0.00),(392,1,25,'2021-04-28 01:13:24','S',0.00),(393,3,15,'2021-04-28 01:13:24','S',0.00),(394,5,3,'2021-04-28 01:13:24','S',0.00),(395,2,12,'2021-04-28 01:13:24','S',0.00),(396,5,15,'2021-04-28 01:13:24','S',0.00),(397,2,12,'2021-04-28 01:13:24','S',0.00),(398,5,15,'2021-04-28 01:13:24','S',0.00),(399,1,100,'2021-04-28 01:13:24','S',0.00),(400,5,60,'2021-04-28 01:13:24','S',0.00),(401,5,23,'2021-04-28 01:13:24','S',0.00),(402,2,15,'2021-04-28 01:13:24','S',0.00),(403,5,12,'2021-04-28 01:13:24','S',0.00),(404,1,12,'2021-04-28 01:13:24','S',0.00),(405,5,13,'2021-04-28 01:13:24','S',0.00),(406,5,13,'2021-04-28 01:13:24','S',0.00),(407,5,12,'2021-04-28 01:13:24','S',0.00),(408,5,12,'2021-04-28 01:13:24','S',0.00),(409,5,12,'2021-04-28 01:13:24','S',0.00),(410,5,12,'2021-04-28 01:13:24','S',0.00),(411,5,12,'2021-04-28 01:13:24','S',0.00),(412,5,12,'2021-04-28 01:13:24','S',0.00),(413,5,12,'2021-04-28 01:13:24','S',0.00),(414,5,12,'2021-04-28 01:13:24','S',0.00),(415,5,12,'2021-04-28 01:13:24','S',0.00),(416,5,34,'2021-04-28 01:13:24','S',0.00),(417,2,12,'2021-04-28 01:13:24','S',0.00),(418,4,20,'2021-04-28 01:13:24','S',0.00),(419,3,12,'2021-04-28 01:13:24','S',0.00),(420,1,12,'2021-04-28 01:13:24','S',0.00),(421,6,5,'2021-04-28 01:13:24','S',0.00),(422,5,34,'2021-04-28 01:13:24','S',0.00),(423,2,12,'2021-04-28 01:13:24','S',0.00),(424,4,20,'2021-04-28 01:13:24','S',0.00),(425,3,12,'2021-04-28 01:13:24','S',0.00),(426,1,12,'2021-04-28 01:13:24','S',0.00),(427,6,5,'2021-04-28 01:13:24','S',0.00),(428,2,12,'2021-04-28 01:13:24','S',0.00),(429,5,12,'2021-04-28 01:13:24','S',0.00),(430,5,12,'2021-04-28 01:13:24','S',0.00),(431,6,2,'2021-04-28 01:13:24','S',0.00),(432,5,12,'2021-04-28 01:13:24','S',0.00),(433,4,2,'2021-04-28 01:13:24','S',0.00),(434,6,2,'2021-04-28 01:13:24','S',0.00),(435,1,2,'2021-04-28 01:13:24','S',0.00),(436,4,2,'2021-04-28 01:13:24','S',0.00),(437,5,23,'2021-04-28 01:13:24','S',0.00),(438,6,1,'2021-04-28 01:13:24','S',0.00),(439,5,12,'2021-04-28 01:13:24','S',0.00),(440,6,2,'2021-04-28 01:13:24','S',0.00),(441,5,12,'2021-04-28 01:13:24','S',0.00),(442,6,1,'2021-04-28 01:13:24','S',0.00),(443,3,30,'2021-04-28 01:13:24','S',0.00),(444,4,12,'2021-04-28 01:13:24','S',0.00),(445,1,12,'2021-04-28 01:13:24','S',0.00),(446,2,12,'2021-04-28 01:13:24','S',0.00),(447,3,12,'2021-04-28 01:13:24','S',0.00),(448,5,12,'2021-04-28 01:13:24','S',0.00),(449,5,12,'2021-04-28 01:13:24','S',0.00),(450,6,2,'2021-04-28 01:13:24','S',0.00),(451,5,12,'2021-04-28 01:13:24','S',0.00),(452,1,12,'2021-04-28 01:13:24','S',0.00),(453,2,12,'2021-04-28 01:13:24','S',0.00),(454,5,12,'2021-04-28 01:13:24','S',0.00),(455,1,12,'2021-04-28 01:13:24','S',0.00),(456,5,12,'2021-04-28 01:13:24','S',0.00),(457,5,32,'2021-04-28 01:13:24','S',0.00),(458,5,50,'2021-04-28 01:13:24','S',0.00),(459,5,50,'2021-04-28 01:13:24','S',0.00),(460,3,45,'2021-04-28 01:13:24','S',0.00),(461,5,12,'2021-04-28 01:13:24','S',0.00),(462,5,3,'2021-04-28 01:13:24','S',0.00),(463,6,2,'2021-04-28 01:13:24','S',0.00),(464,1,100,'2021-04-28 01:13:24','S',0.00),(465,4,4,'2021-04-28 01:13:24','S',0.00),(466,5,1,'2021-04-28 01:13:24','S',0.00),(467,4,13,'2021-04-28 01:13:24','S',0.00),(468,1,1,'2021-04-28 01:13:24','S',0.00),(469,5,1,'2021-04-28 01:13:24','S',0.00),(470,5,1,'2021-04-28 01:13:24','S',0.00),(471,5,1,'2021-04-28 01:13:24','S',0.00),(472,5,12,'2021-04-28 01:13:24','S',0.00),(473,5,12,'2021-04-28 01:13:24','S',0.00),(474,5,12,'2021-04-28 01:13:24','S',0.00),(475,1,12,'2021-04-28 01:13:24','S',0.00),(476,5,12,'2021-04-28 01:13:24','S',0.00),(477,4,13,'2021-04-28 01:13:24','S',0.00),(478,5,1,'2021-04-28 01:13:24','S',0.00),(479,1,12,'2021-04-28 01:13:24','S',0.00),(480,6,12,'2021-04-28 01:13:24','S',0.00),(481,5,1,'2021-04-28 01:13:24','S',0.00),(482,5,12,'2021-04-28 01:13:24','S',0.00),(483,5,12,'2021-04-28 01:13:24','S',0.00),(484,5,12,'2021-04-28 01:13:24','S',0.00),(485,5,12,'2021-04-28 01:13:24','S',0.00),(486,5,12,'2021-04-28 01:13:24','S',0.00),(487,1,6,'2021-04-28 01:13:24','S',0.00),(488,5,12,'2021-04-28 01:13:24','S',0.00),(489,5,112,'2021-04-28 01:13:24','S',0.00),(490,5,12,'2021-04-28 01:13:24','S',0.00),(491,5,12,'2021-04-28 01:13:24','S',0.00),(492,6,1,'2021-04-28 01:13:24','S',0.00),(493,5,12,'2021-04-28 01:13:24','S',0.00),(494,5,12,'2021-04-28 01:13:24','S',0.00),(495,4,1,'2021-04-28 01:13:24','S',0.00),(496,4,1,'2021-04-28 01:13:24','S',0.00),(550,4,1,'2021-04-28 01:41:59','S',0.00),(551,4,1,'2021-04-28 01:42:34','S',0.00),(552,4,27,'2021-04-28 01:44:15','E',15.90),(553,4,1,'2021-04-28 01:44:40','S',0.00),(554,6,50,'2021-04-28 01:46:43','S',0.00),(555,1,3000,'2021-04-28 11:31:32','E',1.25),(556,2,44,'2021-04-28 11:32:11','E',1.25),(557,1,13,'2021-04-28 11:32:51','E',1.25),(558,2,13,'2021-04-28 11:33:12','E',1.25),(559,1,400,'2021-04-28 11:34:06','E',1.25),(560,3,400,'2021-04-28 11:34:23','E',1.25),(561,1,4000,'2021-04-28 11:34:55','E',1.25),(562,5,4000,'2021-04-28 11:35:31','E',1.25),(563,1,100,'2021-04-28 11:38:23','S',0.00),(564,1,100,'2021-04-28 11:39:13','S',0.00),(565,1,100,'2021-04-28 16:50:06','S',0.00),(566,1,100,'2021-04-28 17:04:43','S',0.00),(567,1,12,'2021-04-28 17:08:34','S',0.00),(568,1,15,'2021-04-28 17:13:19','S',0.00),(569,1,15,'2021-04-28 17:14:48','S',0.00),(570,1,12,'2021-04-28 17:24:22','S',0.00),(571,1,12,'2021-04-28 17:31:56','S',0.00),(572,1,112,'2021-04-28 17:50:49','S',0.00),(573,1,12,'2021-04-28 17:52:58','S',0.00),(574,1,134,'2021-04-28 18:04:53','S',0.00),(575,1,12,'2021-04-28 18:06:05','S',0.00),(576,1,1,'2021-04-28 18:07:38','S',0.00),(577,1,1,'2021-04-29 02:30:25','S',0.00),(578,1,1,'2021-04-29 02:46:54','S',0.00),(579,1,12,'2021-04-29 02:49:41','S',0.00),(580,1,1,'2021-04-29 02:55:39','S',0.00),(581,1,12,'2021-04-29 02:57:00','S',0.00),(582,1,12,'2021-04-29 02:58:15','S',0.00),(583,1,12,'2021-04-29 02:59:18','S',0.00),(584,1,12,'2021-04-29 03:09:07','S',0.00),(585,1,12,'2021-04-29 03:09:14','S',0.00),(586,1,12,'2021-04-29 03:14:06','S',0.00),(587,1,12,'2021-04-29 12:14:24','S',0.00),(588,1,1,'2021-04-29 12:22:03','S',0.00),(589,1,12,'2021-04-29 12:25:44','S',0.00),(590,1,12,'2021-04-29 12:26:04','S',0.00),(591,1,12,'2021-04-29 12:28:37','S',0.00),(592,1,12,'2021-04-29 12:29:24','S',0.00),(593,1,100,'2021-04-29 12:36:50','S',0.00),(594,1,100,'2021-04-29 12:59:08','S',0.00),(595,1,1,'2021-04-29 19:53:10','S',0.00),(596,6,1,'2021-04-29 19:59:42','S',0.00),(597,4,1,'2021-04-29 20:04:21','S',0.00),(598,6,1,'2021-04-29 20:10:35','S',0.00),(599,4,10,'2021-04-29 20:15:43','S',0.00),(600,1,1,'2021-04-29 20:30:20','S',0.00),(601,1,100,'2021-04-29 20:39:35','S',0.00),(602,4,12,'2021-04-29 20:48:30','S',0.00),(603,6,1,'2021-04-29 20:48:30','S',0.00),(604,1,12,'2021-04-29 20:48:30','S',0.00),(605,2,1,'2021-04-29 21:01:13','S',0.00),(606,1,12,'2021-04-29 21:01:13','S',0.00),(608,1,1,'2021-04-29 21:04:16','S',0.00),(609,4,1,'2021-04-29 21:04:16','S',0.00),(610,6,1,'2021-04-29 21:04:16','S',0.00),(611,1,12,'2021-04-29 21:06:52','S',0.00),(612,4,2,'2021-04-29 21:06:52','S',0.00),(613,1,100,'2021-04-29 21:06:52','S',0.00),(614,1,12,'2021-04-29 21:11:48','S',0.00),(615,1,100,'2021-04-29 21:13:24','S',0.00),(616,6,12,'2021-04-29 21:13:24','S',0.00),(618,5,12,'2021-04-29 21:16:13','S',0.00),(619,1,100,'2021-04-29 21:17:31','S',0.00),(620,1,100,'2021-04-29 21:18:43','S',0.00),(621,1,100,'2021-04-29 21:19:54','S',0.00),(622,4,2,'2021-04-29 21:19:54','S',0.00),(624,1,120,'2021-04-29 21:25:44','S',0.00),(625,6,10,'2021-04-29 21:25:44','S',0.00),(627,1,100,'2021-04-29 21:26:58','S',0.00),(628,4,10,'2021-04-29 21:26:58','S',0.00),(630,1,1,'2021-04-29 21:28:00','S',0.00),(631,3,12,'2021-04-29 21:28:00','S',0.00),(633,1,12,'2021-04-30 12:16:24','S',0.00),(634,6,2,'2021-04-30 12:16:24','S',0.00),(635,5,1,'2021-04-30 12:16:24','S',0.00),(636,1,1,'2021-04-30 13:37:47','S',0.00),(637,4,1,'2021-04-30 13:37:47','S',0.00),(639,1,1,'2021-04-30 13:40:08','S',0.00),(640,1,1,'2021-04-30 13:59:47','S',0.00),(641,6,1,'2021-04-30 13:59:47','S',0.00),(642,5,1,'2021-04-30 13:59:47','S',0.00),(643,1,1,'2021-04-30 14:15:30','S',0.00),(644,1,1,'2021-04-30 14:17:02','S',0.00),(645,1,1,'2021-04-30 14:19:44','S',0.00),(646,4,12,'2021-04-30 14:19:44','S',0.00),(648,4,101,'2021-04-30 14:39:27','E',7.45),(649,7,100,'2021-04-30 17:02:41','E',0.50),(650,8,100,'2021-04-30 17:14:00','E',0.50),(651,8,10,'2021-04-30 17:14:52','S',0.00),(652,9,100,'2021-04-30 18:37:04','E',1.45),(653,8,10,'2021-04-30 18:40:44','S',0.00),(654,9,10,'2021-04-30 18:40:44','S',0.00),(656,1,1,'2021-05-01 00:20:05','S',0.00),(657,1,12,'2021-05-01 00:31:53','S',0.00),(658,4,10,'2021-05-01 00:31:53','S',0.00),(659,7,1,'2021-05-01 00:31:53','S',0.00),(660,1,1,'2021-05-01 00:34:07','S',0.00),(661,2,2,'2021-05-01 00:34:07','S',0.00),(663,8,5,'2021-05-01 00:36:17','S',0.00),(664,1,1,'2021-05-01 00:36:17','S',0.00),(665,5,1,'2021-05-01 00:36:17','S',0.00),(666,1,1,'2021-05-01 00:37:57','S',0.00),(667,8,1,'2021-05-01 00:37:57','S',0.00),(669,1,1,'2021-05-01 00:39:22','S',0.00),(670,8,1,'2021-05-01 00:39:22','S',0.00),(671,1,1,'2021-05-01 00:58:13','S',0.00),(672,4,1,'2021-05-01 00:58:13','S',0.00),(673,7,1,'2021-05-01 00:58:13','S',0.00),(674,1,1,'2021-05-01 01:05:02','S',0.00),(675,5,1,'2021-05-01 01:05:02','S',0.00),(676,4,1,'2021-05-01 01:05:02','S',0.00),(677,7,1,'2021-05-01 01:07:42','S',0.00),(678,8,1,'2021-05-01 01:07:42','S',0.00),(679,3,1,'2021-05-01 01:07:42','S',0.00),(680,7,12,'2021-05-01 14:21:30','S',0.00),(681,9,12,'2021-05-01 14:21:30','S',0.00),(682,8,2,'2021-05-01 14:21:30','S',0.00),(683,4,2,'2021-05-01 14:21:30','S',0.00),(687,1,1,'2021-05-01 14:24:07','S',0.00),(688,8,2,'2021-05-01 14:24:07','S',0.00),(689,4,2,'2021-05-01 14:24:07','S',0.00),(690,9,3,'2021-05-01 14:24:07','S',0.00),(694,5,1,'2021-05-01 14:31:45','S',0.00),(695,1,1,'2021-05-01 14:31:45','S',0.00),(696,4,1,'2021-05-01 14:31:45','S',0.00),(697,9,1,'2021-05-01 14:31:45','S',0.00),(698,7,1,'2021-05-01 14:31:45','S',0.00),(701,1,1,'2021-05-01 14:33:06','S',0.00),(702,9,10,'2021-05-01 14:33:06','S',0.00),(703,4,3,'2021-05-01 14:33:06','S',0.00),(704,8,11,'2021-05-01 14:33:06','S',0.00),(708,5,1,'2021-05-01 14:38:45','S',0.00),(709,1,1,'2021-05-01 14:38:45','S',0.00),(710,4,1,'2021-05-01 14:38:45','S',0.00),(711,6,1,'2021-05-01 14:38:45','S',0.00),(712,8,1,'2021-05-01 14:38:45','S',0.00),(715,4,1,'2021-05-01 14:44:25','S',0.00),(716,6,1,'2021-05-01 14:44:25','S',0.00),(717,9,1,'2021-05-01 14:44:25','S',0.00),(718,1,1,'2021-05-01 14:44:25','S',0.00),(722,1,1,'2021-05-01 15:11:52','S',0.00),(723,4,2,'2021-05-01 15:11:52','S',0.00),(724,9,10,'2021-05-01 15:11:52','S',0.00),(725,6,3,'2021-05-01 15:11:52','S',0.00),(729,1,1,'2021-05-01 15:15:11','S',0.00),(730,4,1,'2021-05-01 15:15:11','S',0.00),(731,6,1,'2021-05-01 15:15:11','S',0.00),(732,3,12,'2021-05-01 15:15:11','S',0.00),(736,4,5,'2021-05-01 15:17:34','S',0.00),(737,6,1,'2021-05-01 15:17:34','S',0.00),(738,3,1,'2021-05-01 15:17:34','S',0.00),(739,8,10,'2021-05-01 15:17:34','S',0.00),(740,7,1,'2021-05-01 15:17:34','S',0.00),(741,9,10,'2021-05-01 15:17:34','S',0.00),(743,1,1,'2021-05-01 15:20:59','S',0.00),(744,4,1,'2021-05-01 15:20:59','S',0.00),(745,9,10,'2021-05-01 15:20:59','S',0.00),(746,7,1,'2021-05-01 15:20:59','S',0.00),(750,4,1,'2021-05-01 15:25:34','S',0.00),(751,1,1,'2021-05-01 15:26:49','S',0.00),(752,9,1,'2021-05-01 15:27:38','S',0.00),(753,1,1,'2021-05-01 15:29:50','S',0.00),(754,4,1,'2021-05-01 15:29:50','S',0.00),(756,4,1,'2021-05-01 15:31:28','S',0.00),(757,4,1,'2021-05-01 15:32:57','S',0.00),(758,2,52,'2021-05-01 15:35:42','E',1.25),(759,4,1,'2021-05-01 15:41:17','S',0.00),(760,4,1,'2021-05-01 15:43:20','S',0.00),(761,4,1,'2021-05-01 15:44:41','S',0.00),(762,4,1,'2021-05-01 15:51:00','S',0.00),(763,6,1,'2021-05-01 15:51:00','S',0.00),(765,1,2,'2021-05-01 15:53:48','S',0.00),(766,2,2,'2021-05-01 15:53:48','S',0.00),(768,1,2,'2021-05-01 15:54:57','S',0.00),(769,2,2,'2021-05-01 15:54:57','S',0.00),(771,4,1,'2021-05-01 17:03:54','S',0.00),(772,4,2,'2021-05-01 17:06:17','S',0.00),(773,1,1,'2021-05-01 17:06:17','S',0.00),(774,9,1,'2021-05-01 17:06:17','S',0.00),(775,4,1,'2021-05-01 17:10:00','S',0.00),(776,9,1,'2021-05-01 17:10:00','S',0.00),(777,7,1,'2021-05-01 17:10:00','S',0.00),(778,4,2,'2021-05-01 17:12:47','S',0.00),(779,1,12,'2021-05-01 17:12:47','S',0.00),(780,9,1,'2021-05-01 17:12:47','S',0.00),(781,5,1,'2021-05-01 17:12:47','S',0.00),(785,4,1,'2021-05-01 17:16:19','S',0.00),(786,4,1,'2021-05-01 17:19:24','S',0.00),(787,4,1,'2021-05-01 17:20:12','S',0.00),(788,4,1,'2021-05-01 17:22:30','S',0.00),(789,7,1,'2021-05-01 17:24:00','S',0.00),(790,4,1,'2021-05-01 17:24:00','S',0.00),(792,4,1,'2021-05-01 17:26:41','S',0.00),(793,4,1,'2021-05-01 17:28:02','S',0.00),(794,4,1,'2021-05-01 17:29:39','S',0.00),(795,6,1,'2021-05-01 17:30:31','S',0.00),(796,4,1,'2021-05-01 17:32:39','S',0.00),(797,4,1,'2021-05-01 17:34:29','S',0.00),(798,4,1,'2021-05-01 17:39:13','S',0.00),(799,4,1,'2021-05-01 17:40:50','S',0.00),(800,6,1,'2021-05-01 17:40:50','S',0.00),(801,1,12,'2021-05-01 17:40:50','S',0.00),(802,7,10,'2021-05-01 17:40:50','S',0.00),(803,9,10,'2021-05-01 17:40:50','S',0.00),(804,8,10,'2021-05-01 17:40:50','S',0.00),(806,4,2,'2021-05-01 17:47:20','S',0.00),(807,4,3,'2021-05-01 17:48:51','S',0.00),(808,4,2,'2021-05-01 17:55:22','S',0.00),(809,4,2,'2021-05-01 17:56:30','S',0.00),(810,4,2,'2021-05-01 17:59:32','S',0.00),(811,4,2,'2021-05-01 18:00:24','S',0.00),(812,6,2,'2021-05-01 18:00:24','S',0.00),(813,1,12,'2021-05-01 18:00:24','S',0.00),(814,7,11,'2021-05-01 18:00:24','S',0.00),(818,4,1,'2021-05-01 20:06:31','S',0.00),(819,6,2,'2021-05-01 20:06:31','S',0.00),(820,1,12,'2021-05-01 20:06:31','S',0.00),(821,7,10,'2021-05-01 20:06:31','S',0.00),(822,8,10,'2021-05-01 20:06:31','S',0.00),(825,4,2,'2021-05-01 20:08:41','S',0.00),(826,6,2,'2021-05-01 20:08:41','S',0.00),(827,2,10,'2021-05-01 20:08:41','S',0.00),(828,7,12,'2021-05-01 20:08:41','S',0.00),(832,4,1,'2021-05-01 20:10:22','S',0.00),(833,4,2,'2021-05-01 20:14:14','S',0.00),(834,4,2,'2021-05-01 20:17:39','S',0.00),(835,4,100,'2021-05-01 20:18:54','E',15.90),(836,4,2,'2021-05-01 20:20:49','S',0.00),(837,1,12,'2021-05-01 20:20:49','S',0.00),(838,7,10,'2021-05-01 20:20:49','S',0.00),(839,6,2,'2021-05-01 20:20:49','S',0.00),(840,7,10,'2021-05-01 20:20:49','S',0.00),(843,4,10,'2021-05-01 20:31:19','S',0.00),(844,1,12,'2021-05-01 20:31:19','S',0.00),(845,3,12,'2021-05-01 20:31:19','S',0.00),(846,6,1,'2021-05-01 20:31:19','S',0.00),(847,7,15,'2021-05-01 20:31:19','S',0.00),(850,4,2,'2021-05-01 20:32:53','S',0.00),(851,6,2,'2021-05-01 20:32:53','S',0.00),(853,4,2,'2021-05-01 20:34:51','S',0.00),(854,6,3,'2021-05-01 20:34:51','S',0.00),(856,4,2,'2021-05-01 20:37:27','S',0.00),(857,6,1,'2021-05-01 20:37:27','S',0.00),(858,9,10,'2021-05-01 20:37:27','S',0.00),(859,4,2,'2021-05-01 20:41:48','S',0.00),(860,6,1,'2021-05-01 20:41:48','S',0.00),(861,7,3,'2021-05-01 20:41:48','S',0.00),(862,4,2,'2021-05-01 20:44:10','S',0.00),(863,6,2,'2021-05-01 20:44:10','S',0.00),(864,1,12,'2021-05-01 20:44:10','S',0.00),(865,4,2,'2021-05-01 21:06:16','S',0.00),(866,4,1,'2021-05-01 21:06:16','S',0.00),(868,4,1,'2021-05-01 21:07:35','S',0.00),(869,4,1,'2021-05-02 02:04:48','S',0.00),(870,6,1,'2021-05-02 02:04:48','S',0.00),(872,4,2,'2021-05-02 02:33:29','S',0.00),(873,7,3,'2021-05-02 02:33:29','S',0.00),(875,4,2,'2021-05-02 02:37:18','S',0.00),(876,6,2,'2021-05-02 02:37:18','S',0.00),(878,6,3,'2021-05-02 02:39:38','S',0.00),(879,1,12,'2021-05-02 02:39:38','S',0.00),(880,8,1,'2021-05-02 02:39:38','S',0.00),(881,4,1,'2021-05-02 02:40:49','S',0.00),(882,6,1,'2021-05-02 02:40:49','S',0.00),(883,1,1,'2021-05-02 02:40:49','S',0.00),(884,4,1,'2021-05-02 02:42:04','S',0.00),(885,4,1,'2021-05-02 02:43:35','S',0.00),(886,6,1,'2021-05-02 02:43:35','S',0.00),(887,1,1,'2021-05-02 02:43:35','S',0.00),(888,4,1,'2021-05-02 02:45:48','S',0.00),(889,6,1,'2021-05-02 02:45:48','S',0.00),(890,7,1,'2021-05-02 02:45:48','S',0.00),(891,4,1,'2021-05-02 02:47:40','S',0.00),(892,6,1,'2021-05-02 02:47:40','S',0.00),(894,4,1,'2021-05-02 03:03:00','S',0.00),(895,6,1,'2021-05-02 03:03:00','S',0.00),(896,1,1,'2021-05-02 03:03:00','S',0.00),(897,4,1,'2021-05-02 03:14:22','S',0.00),(898,6,1,'2021-05-02 03:14:22','S',0.00),(899,1,1,'2021-05-02 03:14:22','S',0.00),(900,4,1,'2021-05-02 03:16:04','S',0.00),(901,6,1,'2021-05-02 03:16:04','S',0.00),(902,1,1,'2021-05-02 03:16:04','S',0.00),(903,4,1,'2021-05-02 11:56:10','S',0.00),(904,7,1,'2021-05-02 11:56:10','S',0.00),(906,4,1,'2021-05-02 12:58:10','S',0.00),(907,4,1,'2021-05-02 13:06:12','S',0.00),(908,6,1,'2021-05-02 13:06:12','S',0.00),(910,4,1,'2021-05-02 13:10:58','S',0.00),(911,6,1,'2021-05-02 13:10:58','S',0.00),(913,4,1,'2021-05-02 16:23:56','S',0.00),(914,4,1,'2021-05-02 16:27:00','S',0.00),(915,6,1,'2021-05-02 16:27:00','S',0.00),(917,4,1,'2021-05-02 16:28:53','S',0.00),(918,6,1,'2021-05-02 16:28:53','S',0.00),(919,7,1,'2021-05-02 16:28:53','S',0.00),(920,4,1,'2021-05-03 02:04:33','S',0.00),(921,7,1,'2021-05-03 02:04:33','S',0.00),(923,4,1,'2021-05-03 02:12:12','S',0.00),(924,6,1,'2021-05-03 02:12:12','S',0.00),(926,4,1,'2021-05-03 02:14:59','S',0.00),(927,6,1,'2021-05-03 02:14:59','S',0.00),(929,4,1,'2021-05-03 02:16:19','S',0.00),(930,6,1,'2021-05-03 02:16:19','S',0.00),(931,4,1,'2021-05-05 09:50:43','S',0.00),(932,6,1,'2021-05-05 09:50:43','S',0.00),(933,7,1,'2021-05-05 09:50:43','S',0.00),(934,4,1,'2021-05-05 10:00:56','S',0.00),(935,6,1,'2021-05-05 10:00:56','S',0.00),(936,7,1,'2021-05-05 10:00:56','S',0.00),(937,4,1,'2021-05-05 10:04:19','S',0.00),(938,6,1,'2021-05-05 10:04:19','S',0.00),(939,5,1,'2021-05-05 10:04:19','S',0.00),(940,4,1,'2021-05-05 10:10:12','S',0.00),(941,6,1,'2021-05-05 10:10:12','S',0.00),(943,4,1,'2021-05-05 10:12:54','S',0.00),(944,6,1,'2021-05-05 10:12:54','S',0.00),(946,4,1,'2021-05-05 10:14:44','S',0.00),(947,4,1,'2021-05-05 10:16:38','S',0.00),(948,4,1,'2021-05-07 01:33:31','S',0.00),(949,6,1,'2021-05-07 01:33:31','S',0.00),(950,7,1,'2021-05-07 01:33:31','S',0.00),(951,4,1,'2021-05-07 01:34:42','S',0.00),(952,4,1,'2021-05-07 01:36:15','S',0.00),(953,4,1,'2021-05-09 14:38:23','S',0.00),(954,7,1,'2021-05-09 14:38:23','S',0.00),(956,4,1,'2021-05-09 14:41:07','S',0.00),(957,6,1,'2021-05-09 14:41:07','S',0.00),(958,7,1,'2021-05-09 14:41:07','S',0.00),(959,4,1,'2021-05-09 14:42:32','S',0.00),(960,7,1,'2021-05-09 14:42:32','S',0.00),(961,6,1,'2021-05-09 14:42:32','S',0.00),(962,1,12,'2021-05-09 14:42:32','S',0.00),(966,4,1,'2021-05-09 14:44:28','S',0.00),(967,1,12,'2021-05-09 14:44:28','S',0.00),(968,6,1,'2021-05-09 14:44:28','S',0.00),(969,7,1,'2021-05-09 14:44:28','S',0.00),(973,4,1,'2021-05-09 14:46:05','S',0.00),(974,6,1,'2021-05-09 14:46:05','S',0.00),(975,1,1,'2021-05-09 14:46:05','S',0.00),(976,7,1,'2021-05-09 14:46:05','S',0.00),(980,4,1,'2021-05-09 14:48:15','S',0.00),(981,1,1,'2021-05-09 14:48:15','S',0.00),(982,3,1,'2021-05-09 14:48:15','S',0.00),(983,6,1,'2021-05-09 14:48:15','S',0.00),(984,7,1,'2021-05-09 14:48:15','S',0.00),(985,9,1,'2021-05-09 14:48:15','S',0.00),(987,4,1,'2021-05-09 14:50:16','S',0.00),(988,1,1,'2021-05-09 14:50:16','S',0.00),(989,7,1,'2021-05-09 14:50:16','S',0.00),(990,9,1,'2021-05-09 14:50:16','S',0.00),(991,6,1,'2021-05-09 14:50:16','S',0.00),(994,4,1,'2021-05-09 14:57:50','S',0.00),(995,6,1,'2021-05-09 14:57:50','S',0.00),(996,7,1,'2021-05-09 14:57:50','S',0.00),(997,1,1,'2021-05-09 14:57:50','S',0.00),(1001,4,1,'2021-05-09 15:01:07','S',0.00),(1002,4,1,'2021-05-09 15:02:12','S',0.00),(1003,4,1,'2021-05-09 15:03:21','S',0.00),(1004,4,1,'2021-05-09 15:04:28','S',0.00),(1005,6,1,'2021-05-09 15:04:28','S',0.00),(1007,4,1,'2021-05-09 15:06:56','S',0.00),(1008,4,1,'2021-05-09 15:12:07','S',0.00),(1009,4,1,'2021-05-09 15:13:01','S',0.00),(1010,4,1,'2021-05-09 15:28:31','S',0.00),(1011,1,12,'2021-05-09 16:47:53','S',0.00),(1012,6,1,'2021-05-09 16:47:53','S',0.00),(1013,4,2,'2021-05-09 16:47:53','S',0.00),(1014,4,1,'2021-05-09 17:00:11','S',0.00),(1015,6,1,'2021-05-09 17:00:11','S',0.00),(1016,7,1,'2021-05-09 17:00:11','S',0.00),(1017,1,13,'2021-05-09 17:00:11','S',0.00),(1021,4,1,'2021-05-09 17:01:32','S',0.00),(1022,6,1,'2021-05-09 17:01:32','S',0.00),(1023,7,1,'2021-05-09 17:01:32','S',0.00),(1024,1,15,'2021-05-09 17:01:32','S',0.00),(1028,4,1,'2021-05-09 17:03:24','S',0.00),(1029,6,2,'2021-05-09 17:03:24','S',0.00),(1030,1,15,'2021-05-09 17:03:24','S',0.00),(1031,4,1,'2021-05-09 17:04:46','S',0.00),(1032,1,15,'2021-05-09 17:04:46','S',0.00),(1033,6,2,'2021-05-09 17:04:46','S',0.00),(1034,7,10,'2021-05-09 17:04:46','S',0.00),(1038,4,1,'2021-05-09 17:19:05','S',0.00),(1039,4,1,'2021-05-09 17:20:08','S',0.00),(1040,4,1,'2021-05-09 17:29:59','S',0.00),(1041,4,1,'2021-05-09 17:32:31','S',0.00),(1042,4,1,'2021-05-09 17:37:08','S',0.00),(1043,4,1,'2021-05-09 17:39:52','S',0.00),(1044,5,1,'2021-05-09 17:40:52','S',0.00),(1045,4,1,'2021-05-09 17:42:20','S',0.00),(1046,6,2,'2021-05-09 17:42:20','S',0.00),(1048,4,1,'2021-05-09 17:50:59','S',0.00),(1049,4,1,'2021-05-09 19:12:13','S',0.00),(1050,4,1,'2021-05-09 19:14:18','S',0.00),(1051,6,2,'2021-05-09 19:14:18','S',0.00),(1052,7,1,'2021-05-09 19:14:18','S',0.00),(1053,9,10,'2021-05-09 19:14:18','S',0.00),(1054,8,15,'2021-05-09 19:14:18','S',0.00),(1057,5,1,'2021-05-09 19:40:25','S',0.00),(1058,4,1,'2021-05-09 19:40:25','S',0.00),(1059,7,1,'2021-05-09 19:40:25','S',0.00),(1060,4,1,'2021-05-09 19:41:38','S',0.00),(1061,7,1,'2021-05-09 19:41:38','S',0.00),(1062,1,12,'2021-05-09 19:41:38','S',0.00);
/*!40000 ALTER TABLE `estoque` ENABLE KEYS */;
UNLOCK TABLES;

--
-- Table structure for table `pedidocaixa`
--

DROP TABLE IF EXISTS `pedidocaixa`;
/*!40101 SET @saved_cs_client     = @@character_set_client */;
/*!40101 SET character_set_client = utf8 */;
CREATE TABLE `pedidocaixa` (
  `idpedidocaixa` int(11) NOT NULL AUTO_INCREMENT,
  `nr_caixa` int(11) DEFAULT NULL,
  `cod_produto` int(11) DEFAULT NULL,
  `cod_vendedor` int(11) DEFAULT NULL,
  `cod_cliente` int(11) DEFAULT NULL,
  `quantidade` int(11) DEFAULT NULL,
  `valor_total` decimal(10,2) DEFAULT NULL,
  `ultupdate` date DEFAULT NULL,
  PRIMARY KEY (`idpedidocaixa`),
  KEY `fk_pedidocaixa_produto_idx` (`cod_produto`),
  CONSTRAINT `fk_pedidocaixa_estoque` FOREIGN KEY (`cod_produto`) REFERENCES `estoque` (`idproduto`) ON DELETE NO ACTION ON UPDATE NO ACTION,
  CONSTRAINT `fk_pedidocaixa_produto` FOREIGN KEY (`cod_produto`) REFERENCES `produtos` (`codigo`) ON DELETE NO ACTION ON UPDATE NO ACTION
) ENGINE=InnoDB AUTO_INCREMENT=607 DEFAULT CHARSET=latin1;
/*!40101 SET character_set_client = @saved_cs_client */;

--
-- Dumping data for table `pedidocaixa`
--

LOCK TABLES `pedidocaixa` WRITE;
/*!40000 ALTER TABLE `pedidocaixa` DISABLE KEYS */;
INSERT INTO `pedidocaixa` VALUES (3,1,5,1,16,3,3.60,'2021-04-25'),(4,1,3,1,14,10,12.50,'2021-04-25'),(5,1,2,1,14,10,12.50,'2021-04-25'),(6,1,5,1,17,12,14.40,'2021-04-25'),(7,1,5,1,1,1,1.20,'2021-04-25'),(8,1,5,1,15,12,14.40,'2021-04-25'),(9,1,5,1,18,10,12.00,'2021-04-25'),(10,1,2,1,18,30,37.50,'2021-04-25'),(11,1,5,1,1,12,14.40,'2021-04-25'),(12,1,5,1,14,12,14.40,'2021-04-25'),(13,1,3,1,17,12,15.00,'2021-04-25'),(14,1,5,1,1,1,1.20,'2021-04-25'),(15,1,5,1,1,1,1.20,'2021-04-25'),(16,1,5,1,1,1,1.20,'2021-04-25'),(17,1,5,1,1,1,1.20,'2021-04-25'),(18,1,5,1,1,1,1.20,'2021-04-25'),(19,1,2,1,14,23,28.75,'2021-04-25'),(20,1,1,1,16,43,53.75,'2021-04-25'),(21,1,5,1,1,3,3.60,'2021-04-25'),(22,1,5,1,1,2,2.40,'2021-04-25'),(23,1,5,1,1,2,2.40,'2021-04-25'),(24,1,5,1,14,12,14.40,'2021-04-25'),(25,1,1,1,1,13,16.25,'2021-04-25'),(26,1,5,1,14,3,3.60,'2021-04-25'),(27,1,5,1,2,1,1.20,'2021-04-25'),(28,1,5,1,1,12,14.40,'2021-04-25'),(29,1,5,1,1,4,4.80,'2021-04-25'),(30,1,5,1,13,34,40.80,'2021-04-25'),(31,1,5,1,1,2,2.40,'2021-04-25'),(32,1,5,1,1,4,4.80,'2021-04-25'),(33,1,5,1,1,5,6.00,'2021-04-25'),(34,1,5,1,1,5,6.00,'2021-04-25'),(35,1,5,1,1,6,7.20,'2021-04-25'),(36,1,5,1,1,7,8.40,'2021-04-25'),(37,1,5,1,1,9,10.80,'2021-04-25'),(38,1,5,1,1,9,10.80,'2021-04-25'),(39,1,5,1,14,34,40.80,'2021-04-25'),(40,1,5,1,1,45,54.00,'2021-04-25'),(41,1,5,1,1,45,54.00,'2021-04-25'),(42,1,5,1,1,23,27.60,'2021-04-25'),(43,1,5,1,1,22,26.40,'2021-04-25'),(44,1,1,1,1,10,12.50,'2021-04-25'),(45,1,5,1,16,12,14.40,'2021-04-25'),(46,1,3,1,1,100,125.00,'2021-04-25'),(47,1,5,1,1,12,14.40,'2021-04-26'),(48,1,5,1,1,2,2.40,'2021-04-26'),(49,1,5,1,1,4,4.80,'2021-04-26'),(50,1,5,1,1,23,27.60,'2021-04-26'),(51,1,5,1,1,12,14.40,'2021-04-26'),(52,1,5,1,1,12,14.40,'2021-04-26'),(53,1,5,1,1,12,14.40,'2021-04-26'),(54,1,1,1,1,12,15.00,'2021-04-26'),(55,1,2,1,1,12,15.00,'2021-04-26'),(56,1,3,1,1,12,15.00,'2021-04-26'),(57,1,5,1,16,10,12.00,'2021-04-26'),(58,1,2,1,16,15,18.75,'2021-04-26'),(59,1,5,1,1,12,14.40,'2021-04-26'),(60,1,2,1,1,10,12.50,'2021-04-26'),(61,1,5,1,1,12,14.40,'2021-04-26'),(62,1,1,1,14,20,25.00,'2021-04-26'),(63,1,5,1,16,12,14.40,'2021-04-26'),(64,1,5,1,1,12,14.40,'2021-04-26'),(65,1,5,1,1,12,14.40,'2021-04-26'),(66,1,2,1,1,10,12.50,'2021-04-26'),(67,1,1,1,1,12,15.00,'2021-04-26'),(68,1,1,1,16,10,12.50,'2021-04-26'),(69,1,3,1,16,10,12.50,'2021-04-26'),(70,1,1,1,16,10,12.50,'2021-04-26'),(71,1,3,1,16,10,12.50,'2021-04-26'),(72,1,5,1,1,25,30.00,'2021-04-26'),(73,1,5,1,1,10,12.00,'2021-04-26'),(74,1,2,1,1,10,12.50,'2021-04-26'),(75,1,5,1,1,23,27.60,'2021-04-26'),(76,1,1,1,1,14,17.50,'2021-04-26'),(77,1,1,1,1,100,125.00,'2021-04-26'),(78,1,2,1,1,50,62.50,'2021-04-26'),(79,1,5,1,1,123,147.60,'2021-04-26'),(80,1,5,1,1,34,40.80,'2021-04-26'),(81,1,5,1,1,123,147.60,'2021-04-26'),(82,1,2,1,1,2,2.50,'2021-04-26'),(83,1,5,1,1,34,40.80,'2021-04-26'),(84,1,2,1,1,56,70.00,'2021-04-26'),(85,1,5,1,1,127,152.40,'2021-04-26'),(86,1,5,1,1,12,14.40,'2021-04-26'),(87,1,3,1,1,123,153.75,'2021-04-26'),(88,1,5,1,1,1,1.20,'2021-04-26'),(89,1,2,1,1,3,3.75,'2021-04-26'),(90,1,5,1,1,126,151.20,'2021-04-26'),(91,1,1,1,14,12,15.00,'2021-04-26'),(92,1,3,1,14,34,42.50,'2021-04-26'),(93,1,5,1,1,23,27.60,'2021-04-26'),(94,1,2,1,1,23,28.75,'2021-04-26'),(95,1,5,1,1,1234,1480.80,'2021-04-26'),(96,1,1,1,1,2345,2931.25,'2021-04-26'),(97,1,5,1,1,10,12.00,'2021-04-26'),(98,1,5,1,1,23,27.60,'2021-04-26'),(99,1,1,1,1,3,3.75,'2021-04-26'),(100,1,1,1,13,25,31.25,'2021-04-26'),(101,1,3,1,13,15,18.75,'2021-04-26'),(102,1,5,1,1,3,3.60,'2021-04-26'),(103,1,2,1,14,12,15.00,'2021-04-26'),(104,1,5,1,14,15,18.00,'2021-04-26'),(105,1,2,1,14,12,15.00,'2021-04-26'),(106,1,5,1,14,15,18.00,'2021-04-26'),(107,1,1,1,15,100,125.00,'2021-04-26'),(108,1,5,1,15,60,72.00,'2021-04-26'),(109,1,5,1,16,23,27.60,'2021-04-26'),(110,1,2,1,16,15,18.75,'2021-04-26'),(111,1,5,1,1,12,14.40,'2021-04-26'),(112,1,1,1,1,12,15.00,'2021-04-26'),(113,1,5,1,16,13,15.60,'2021-04-26'),(114,1,5,1,1,13,15.60,'2021-04-26'),(115,1,5,1,1,12,14.40,'2021-04-26'),(116,1,5,1,16,12,14.40,'2021-04-26'),(117,1,5,1,16,12,14.40,'2021-04-26'),(118,1,5,1,14,12,14.40,'2021-04-26'),(119,1,5,1,14,12,14.40,'2021-04-26'),(120,1,5,1,1,12,14.40,'2021-04-26'),(121,1,5,1,1,12,14.40,'2021-04-26'),(122,1,5,1,1,12,14.40,'2021-04-26'),(123,1,5,1,1,12,14.40,'2021-04-26'),(124,1,5,1,1,34,40.80,'2021-04-27'),(125,1,2,1,1,12,15.00,'2021-04-27'),(126,1,4,1,1,20,318.00,'2021-04-27'),(127,1,3,1,1,12,15.00,'2021-04-27'),(128,1,1,1,1,12,15.00,'2021-04-27'),(129,1,6,1,1,5,229.50,'2021-04-27'),(130,1,5,1,1,34,40.80,'2021-04-27'),(131,1,2,1,1,12,15.00,'2021-04-27'),(132,1,4,1,1,20,318.00,'2021-04-27'),(133,1,3,1,1,12,15.00,'2021-04-27'),(134,1,1,1,1,12,15.00,'2021-04-27'),(135,1,6,1,1,5,229.50,'2021-04-27'),(136,1,2,1,16,12,15.00,'2021-04-27'),(137,1,5,1,1,12,14.40,'2021-04-27'),(138,1,5,1,1,12,14.40,'2021-04-27'),(139,1,6,1,14,2,91.80,'2021-04-27'),(140,2,5,1,1,12,14.40,'2021-04-27'),(141,2,4,1,1,2,31.80,'2021-04-27'),(142,2,6,1,15,2,91.80,'2021-04-27'),(143,2,1,1,15,2,2.50,'2021-04-27'),(144,2,4,1,15,2,31.80,'2021-04-27'),(145,2,5,1,14,23,27.60,'2021-04-27'),(146,2,6,1,14,1,45.90,'2021-04-27'),(147,144,5,1,1,12,14.40,'2021-04-27'),(148,145,6,1,2,2,91.80,'2021-04-27'),(149,146,5,1,16,12,14.40,'2021-04-27'),(150,147,6,1,13,1,45.90,'2021-04-27'),(151,148,3,1,17,30,37.50,'2021-04-27'),(152,149,4,1,18,12,190.80,'2021-04-27'),(153,150,1,1,2,12,15.00,'2021-04-27'),(154,150,2,1,2,12,15.00,'2021-04-27'),(155,150,3,1,2,12,15.00,'2021-04-27'),(156,150,5,1,2,12,14.40,'2021-04-27'),(157,154,5,1,15,12,14.40,'2021-04-27'),(158,155,6,1,14,2,91.80,'2021-04-27'),(159,156,5,1,1,12,14.40,'2021-04-27'),(160,157,1,1,16,12,15.00,'2021-04-27'),(161,157,2,1,16,12,15.00,'2021-04-27'),(162,159,5,1,1,12,14.40,'2021-04-27'),(163,160,1,1,1,12,15.00,'2021-04-27'),(164,161,5,1,1,12,14.40,'2021-04-27'),(165,162,5,1,2,32,38.40,'2021-04-27'),(166,163,5,1,16,50,60.00,'2021-04-27'),(167,164,5,1,16,50,60.00,'2021-04-27'),(168,165,3,1,18,45,56.25,'2021-04-27'),(169,166,5,1,1,12,14.40,'2021-04-27'),(170,167,5,1,2,3,3.60,'2021-04-27'),(171,167,6,1,2,2,91.80,'2021-04-27'),(172,169,1,1,12,100,125.00,'2021-04-27'),(173,170,4,1,17,4,63.60,'2021-04-27'),(174,171,5,1,1,1,1.20,'2021-04-27'),(175,171,4,1,1,13,206.70,'2021-04-27'),(176,171,1,1,1,1,2.00,'2021-04-27'),(177,174,5,1,1,1,1.20,'2021-04-27'),(178,175,5,1,1,1,1.20,'2021-04-27'),(179,176,5,1,1,1,1.20,'2021-04-27'),(180,177,5,1,1,12,14.40,'2021-04-27'),(181,178,5,1,1,12,14.40,'2021-04-27'),(182,179,5,1,1,12,14.40,'2021-04-27'),(183,179,1,1,1,12,15.00,'2021-04-27'),(184,181,5,1,16,12,14.40,'2021-04-27'),(185,181,4,1,16,13,206.70,'2021-04-27'),(186,183,5,1,1,1,1.20,'2021-04-27'),(187,183,1,1,1,12,15.00,'2021-04-27'),(188,183,6,1,1,12,550.80,'2021-04-27'),(189,186,5,1,1,1,1.20,'2021-04-27'),(190,187,5,1,1,12,14.40,'2021-04-27'),(191,188,5,1,1,12,14.40,'2021-04-27'),(192,189,5,1,1,12,14.40,'2021-04-27'),(193,190,5,1,1,12,14.40,'2021-04-27'),(194,191,5,1,1,12,14.40,'2021-04-27'),(195,191,1,1,1,6,7.50,'2021-04-27'),(196,193,5,1,1,12,14.40,'2021-04-27'),(197,194,5,1,1,112,134.40,'2021-04-27'),(198,195,5,1,1,12,14.40,'2021-04-27'),(199,196,5,1,1,12,14.40,'2021-04-27'),(200,197,6,1,17,1,45.90,'2021-04-27'),(201,198,5,1,1,12,14.40,'2021-04-27'),(202,199,5,1,1,12,14.40,'2021-04-27'),(203,200,4,1,17,1,15.90,'2021-04-27'),(204,201,4,1,16,1,15.90,'2021-04-27'),(205,202,4,1,1,1,15.90,'2021-04-27'),(206,203,4,1,1,1,15.90,'2021-04-27'),(207,204,4,1,1,1,15.90,'2021-04-27'),(208,205,4,1,1,1,15.90,'2021-04-27'),(209,206,4,1,1,1,15.90,'2021-04-27'),(210,207,4,1,1,1,15.90,'2021-04-27'),(211,208,4,1,1,1,15.90,'2021-04-27'),(212,209,4,1,1,1,15.90,'2021-04-27'),(213,210,6,1,17,50,2295.00,'2021-04-27'),(214,211,1,1,1,100,125.00,'2021-04-28'),(215,212,1,1,14,100,125.00,'2021-04-28'),(216,213,1,1,1,100,125.00,'2021-04-28'),(217,214,1,1,17,100,125.00,'2021-04-28'),(218,215,1,1,1,12,15.00,'2021-04-28'),(219,216,1,1,14,12,15.00,'2021-04-28'),(220,217,1,1,1,12,15.00,'2021-04-28'),(221,218,1,1,17,15,18.75,'2021-04-28'),(222,219,1,1,13,15,18.75,'2021-04-28'),(223,220,1,1,1,12,15.00,'2021-04-28'),(224,221,1,1,15,12,15.00,'2021-04-28'),(225,222,1,1,1,12,15.00,'2021-04-28'),(226,223,1,1,1,112,140.00,'2021-04-28'),(227,224,1,1,18,12,15.00,'2021-04-28'),(228,225,1,1,1,134,167.50,'2021-04-28'),(229,226,1,1,1,12,15.00,'2021-04-28'),(230,227,1,1,1,1,1.25,'2021-04-28'),(231,228,1,1,1,1,1.25,'2021-04-28'),(232,229,1,1,14,12,15.00,'2021-04-28'),(233,230,1,1,1,1,1.25,'2021-04-28'),(234,231,1,1,16,12,15.00,'2021-04-28'),(235,232,1,1,1,1,1.25,'2021-04-28'),(236,233,1,1,1,12,15.00,'2021-04-28'),(237,234,1,1,1,1,1.25,'2021-04-28'),(238,235,1,1,1,12,15.00,'2021-04-28'),(239,236,1,1,1,12,15.00,'2021-04-28'),(240,237,1,1,1,12,15.00,'2021-04-28'),(241,238,1,1,1,12,15.00,'2021-04-29'),(242,239,1,1,1,12,15.00,'2021-04-29'),(243,240,1,1,1,12,15.00,'2021-04-29'),(244,241,1,1,1,1,1.25,'2021-04-29'),(245,242,1,1,16,12,15.00,'2021-04-29'),(246,243,1,1,14,12,15.00,'2021-04-29'),(247,244,1,1,13,100,125.00,'2021-04-29'),(248,245,1,1,1,1,1.25,'2021-04-29'),(249,246,6,1,17,1,45.90,'2021-04-29'),(250,247,4,1,18,1,15.90,'2021-04-29'),(251,248,6,1,1,1,45.90,'2021-04-29'),(252,249,4,1,17,10,159.00,'2021-04-29'),(253,250,1,1,1,1,1.25,'2021-04-29'),(254,251,1,1,1,100,125.00,'2021-04-29'),(255,252,4,1,17,12,190.80,'2021-04-29'),(256,252,6,1,17,1,45.90,'2021-04-29'),(257,252,1,1,17,12,15.00,'2021-04-29'),(258,255,2,1,1,1,1.25,'2021-04-29'),(259,255,1,1,1,12,15.00,'2021-04-29'),(260,257,1,1,1,1,1.25,'2021-04-29'),(261,257,4,1,1,1,15.90,'2021-04-29'),(262,257,6,1,1,1,45.90,'2021-04-29'),(263,260,1,1,1,12,15.00,'2021-04-29'),(264,260,4,1,1,2,31.80,'2021-04-29'),(265,260,1,1,1,100,125.00,'2021-04-29'),(266,263,1,1,1,12,15.00,'2021-04-29'),(267,264,1,1,17,100,125.00,'2021-04-29'),(268,264,6,1,17,12,550.80,'2021-04-29'),(269,266,5,1,1,12,14.40,'2021-04-29'),(270,267,1,1,1,100,125.00,'2021-04-29'),(271,268,1,1,16,100,125.00,'2021-04-29'),(272,269,1,1,16,100,125.00,'2021-04-29'),(273,269,4,1,16,2,31.80,'2021-04-29'),(274,271,1,1,16,120,150.00,'2021-04-29'),(275,271,6,1,16,10,459.00,'2021-04-29'),(276,273,1,1,1,100,125.00,'2021-04-29'),(277,273,4,1,1,10,159.00,'2021-04-29'),(278,275,1,1,16,1,1.25,'2021-04-29'),(279,275,3,1,16,12,15.00,'2021-04-29'),(280,277,1,1,1,12,15.00,'2021-04-30'),(281,277,6,1,1,2,91.80,'2021-04-30'),(282,277,5,1,1,1,1.20,'2021-04-30'),(283,280,1,1,1,1,1.25,'2021-04-30'),(284,280,4,1,1,1,15.90,'2021-04-30'),(285,282,1,1,1,1,1.25,'2021-04-30'),(286,283,1,1,1,1,1.25,'2021-04-30'),(287,283,6,1,1,1,45.90,'2021-04-30'),(288,283,5,1,1,1,1.20,'2021-04-30'),(289,286,1,1,1,1,1.25,'2021-04-30'),(290,287,1,1,1,1,1.25,'2021-04-30'),(291,288,1,1,1,1,1.25,'2021-04-30'),(292,288,4,1,1,12,190.80,'2021-04-30'),(293,290,8,1,1,10,30.00,'2021-04-30'),(294,291,8,1,1,10,30.00,'2021-04-30'),(295,291,9,1,1,10,39.00,'2021-04-30'),(296,293,1,1,1,1,1.25,'2021-04-30'),(297,294,1,1,1,12,15.00,'2021-04-30'),(298,294,4,1,1,10,159.00,'2021-04-30'),(299,294,7,1,1,1,1.00,'2021-04-30'),(300,297,1,1,1,1,1.25,'2021-04-30'),(301,297,2,1,1,2,2.50,'2021-04-30'),(302,299,8,1,1,5,15.00,'2021-04-30'),(303,299,1,1,1,1,1.25,'2021-04-30'),(304,299,5,1,1,1,1.20,'2021-04-30'),(305,302,1,1,1,1,1.25,'2021-04-30'),(306,302,8,1,1,1,3.00,'2021-04-30'),(307,304,1,1,1,1,1.25,'2021-04-30'),(308,304,8,1,1,1,3.00,'2021-04-30'),(309,306,1,1,1,1,1.25,'2021-04-30'),(310,306,4,1,1,1,15.90,'2021-04-30'),(311,306,7,1,1,1,1.00,'2021-04-30'),(312,309,1,1,1,1,1.25,'2021-04-30'),(313,309,5,1,1,1,1.20,'2021-04-30'),(314,309,4,1,1,1,15.90,'2021-04-30'),(315,312,7,1,13,1,1.00,'2021-04-30'),(316,312,8,1,13,1,3.00,'2021-04-30'),(317,312,3,1,13,1,1.25,'2021-04-30'),(318,315,7,1,1,12,12.00,'2021-05-01'),(319,315,9,1,1,12,46.80,'2021-05-01'),(320,315,8,1,1,2,6.00,'2021-05-01'),(321,315,4,1,1,2,31.80,'2021-05-01'),(322,319,1,1,1,1,1.25,'2021-05-01'),(323,319,8,1,1,2,6.00,'2021-05-01'),(324,319,4,1,1,2,31.80,'2021-05-01'),(325,319,9,1,1,3,11.70,'2021-05-01'),(326,323,5,1,1,1,1.20,'2021-05-01'),(327,323,1,1,1,1,1.25,'2021-05-01'),(328,323,4,1,1,1,15.90,'2021-05-01'),(329,323,9,1,1,1,3.90,'2021-05-01'),(330,323,7,1,1,1,1.00,'2021-05-01'),(331,328,1,1,1,1,1.25,'2021-05-01'),(332,328,9,1,1,10,39.00,'2021-05-01'),(333,328,4,1,1,3,47.70,'2021-05-01'),(334,328,8,1,1,11,33.00,'2021-05-01'),(335,332,5,1,1,1,1.20,'2021-05-01'),(336,332,1,1,1,1,1.25,'2021-05-01'),(337,332,4,1,1,1,15.90,'2021-05-01'),(338,332,6,1,1,1,45.90,'2021-05-01'),(339,332,8,1,1,1,3.00,'2021-05-01'),(340,337,4,1,14,1,15.90,'2021-05-01'),(341,337,6,1,14,1,45.90,'2021-05-01'),(342,337,9,1,14,1,3.90,'2021-05-01'),(343,337,1,1,14,1,1.25,'2021-05-01'),(344,341,1,1,1,1,1.25,'2021-05-01'),(345,341,4,1,1,2,31.80,'2021-05-01'),(346,341,9,1,1,10,39.00,'2021-05-01'),(347,341,6,1,1,3,137.70,'2021-05-01'),(348,345,1,1,1,1,1.25,'2021-05-01'),(349,345,4,1,1,1,15.90,'2021-05-01'),(350,345,6,1,1,1,45.90,'2021-05-01'),(351,345,3,1,1,12,15.00,'2021-05-01'),(352,349,4,1,18,5,79.50,'2021-05-01'),(353,349,6,1,18,1,45.90,'2021-05-01'),(354,349,3,1,18,1,1.25,'2021-05-01'),(355,349,8,1,18,10,30.00,'2021-05-01'),(356,349,7,1,18,1,1.00,'2021-05-01'),(357,349,9,1,18,10,39.00,'2021-05-01'),(358,355,1,1,1,1,1.25,'2021-05-01'),(359,355,4,1,1,1,15.90,'2021-05-01'),(360,355,9,1,1,10,39.00,'2021-05-01'),(361,355,7,1,1,1,1.00,'2021-05-01'),(362,359,4,1,16,1,15.90,'2021-05-01'),(363,360,1,1,18,1,1.25,'2021-05-01'),(364,361,9,1,18,1,3.90,'2021-05-01'),(365,362,1,1,18,1,1.25,'2021-05-01'),(366,362,4,1,18,1,15.90,'2021-05-01'),(367,364,4,1,2,1,15.90,'2021-05-01'),(368,365,4,1,15,1,15.90,'2021-05-01'),(369,366,4,1,12,1,15.90,'2021-05-01'),(370,367,4,1,12,1,15.90,'2021-05-01'),(371,368,4,1,12,1,15.90,'2021-05-01'),(372,369,4,1,1,1,15.90,'2021-05-01'),(373,369,6,1,1,1,45.90,'2021-05-01'),(374,371,1,1,12,2,2.50,'2021-05-01'),(375,371,2,1,12,2,2.50,'2021-05-01'),(376,373,1,1,12,2,2.50,'2021-05-01'),(377,373,2,1,12,2,2.50,'2021-05-01'),(378,375,4,1,12,1,15.90,'2021-05-01'),(379,376,4,1,12,2,31.80,'2021-05-01'),(380,376,1,1,12,1,1.25,'2021-05-01'),(381,376,9,1,12,1,3.90,'2021-05-01'),(382,379,4,1,2,1,15.90,'2021-05-01'),(383,379,9,1,2,1,3.90,'2021-05-01'),(384,379,7,1,2,1,1.00,'2021-05-01'),(385,382,4,1,14,2,31.80,'2021-05-01'),(386,382,1,1,14,12,15.00,'2021-05-01'),(387,382,9,1,14,1,3.90,'2021-05-01'),(388,382,5,1,14,1,1.20,'2021-05-01'),(389,386,4,1,2,1,15.90,'2021-05-01'),(390,387,4,1,12,1,15.90,'2021-05-01'),(391,388,4,1,14,1,15.90,'2021-05-01'),(392,389,4,1,18,1,15.90,'2021-05-01'),(393,390,7,1,13,1,1.00,'2021-05-01'),(394,390,4,1,13,1,15.90,'2021-05-01'),(395,392,4,1,14,1,15.90,'2021-05-01'),(396,393,4,1,2,1,15.90,'2021-05-01'),(397,394,4,1,14,1,15.90,'2021-05-01'),(398,395,6,1,14,1,45.90,'2021-05-01'),(399,396,4,1,18,1,15.90,'2021-05-01'),(400,397,4,1,14,1,15.90,'2021-05-01'),(401,398,4,1,12,1,15.90,'2021-05-01'),(402,399,4,1,18,1,15.90,'2021-05-01'),(403,399,6,1,18,1,45.90,'2021-05-01'),(404,399,1,1,18,12,15.00,'2021-05-01'),(405,399,7,1,18,10,10.00,'2021-05-01'),(406,399,9,1,18,10,39.00,'2021-05-01'),(407,399,8,1,18,10,30.00,'2021-05-01'),(408,405,4,1,14,2,31.80,'2021-05-01'),(409,406,4,1,18,3,47.70,'2021-05-01'),(410,407,4,1,18,2,31.80,'2021-05-01'),(411,408,4,1,14,2,31.80,'2021-05-01'),(412,409,4,1,18,2,31.80,'2021-05-01'),(413,410,4,1,2,2,31.80,'2021-05-01'),(414,410,6,1,2,2,91.80,'2021-05-01'),(415,410,1,1,2,12,15.00,'2021-05-01'),(416,410,7,1,2,11,11.00,'2021-05-01'),(417,414,4,1,18,1,15.90,'2021-05-01'),(418,414,6,1,18,2,91.80,'2021-05-01'),(419,414,1,1,18,12,15.00,'2021-05-01'),(420,414,7,1,18,10,10.00,'2021-05-01'),(421,414,8,1,18,10,30.00,'2021-05-01'),(422,419,4,1,14,2,31.80,'2021-05-01'),(423,419,6,1,14,2,91.80,'2021-05-01'),(424,419,2,1,14,10,12.50,'2021-05-01'),(425,419,7,1,14,12,12.00,'2021-05-01'),(426,423,4,1,18,1,15.90,'2021-05-01'),(427,424,4,1,17,2,31.80,'2021-05-01'),(428,425,4,1,1,2,31.80,'2021-05-01'),(429,426,4,1,18,2,31.80,'2021-05-01'),(430,426,1,1,18,12,15.00,'2021-05-01'),(431,426,7,1,18,10,10.00,'2021-05-01'),(432,426,6,1,18,2,91.80,'2021-05-01'),(433,426,7,1,18,10,10.00,'2021-05-01'),(434,431,4,1,14,10,159.00,'2021-05-01'),(435,431,1,1,14,12,15.00,'2021-05-01'),(436,431,3,1,14,12,15.00,'2021-05-01'),(437,431,6,1,14,1,45.90,'2021-05-01'),(438,431,7,1,14,15,15.00,'2021-05-01'),(439,436,4,1,14,2,31.80,'2021-05-01'),(440,436,6,1,14,2,91.80,'2021-05-01'),(441,438,4,1,14,2,31.80,'2021-05-01'),(442,438,6,1,14,3,137.70,'2021-05-01'),(443,440,4,1,14,2,31.80,'2021-05-01'),(444,440,6,1,14,1,45.90,'2021-05-01'),(445,440,9,1,14,10,39.00,'2021-05-01'),(446,443,4,1,18,2,31.80,'2021-05-01'),(447,443,6,1,18,1,45.90,'2021-05-01'),(448,443,7,1,18,3,3.00,'2021-05-01'),(449,446,4,1,18,2,31.80,'2021-05-01'),(450,446,6,1,18,2,91.80,'2021-05-01'),(451,446,1,1,18,12,15.00,'2021-05-01'),(452,449,4,1,2,2,31.80,'2021-05-01'),(453,449,4,1,2,1,15.90,'2021-05-01'),(454,451,4,1,16,1,15.90,'2021-05-01'),(455,452,4,1,1,1,15.90,'2021-05-01'),(456,452,6,1,1,1,45.90,'2021-05-01'),(457,454,4,1,14,2,31.80,'2021-05-01'),(458,454,7,1,14,3,3.00,'2021-05-01'),(459,456,4,1,16,2,31.80,'2021-05-01'),(460,456,6,1,16,2,91.80,'2021-05-01'),(461,458,6,1,14,3,137.70,'2021-05-01'),(462,458,1,1,14,12,15.00,'2021-05-01'),(463,458,8,1,14,1,3.00,'2021-05-01'),(464,461,4,1,14,1,15.90,'2021-05-01'),(465,461,6,1,14,1,45.90,'2021-05-01'),(466,461,1,1,14,1,1.25,'2021-05-01'),(467,464,4,1,13,1,15.90,'2021-05-01'),(468,465,4,1,14,1,15.90,'2021-05-01'),(469,465,6,1,14,1,45.90,'2021-05-01'),(470,465,1,1,14,1,1.25,'2021-05-01'),(471,468,4,1,14,1,15.90,'2021-05-01'),(472,468,6,1,14,1,45.90,'2021-05-01'),(473,468,7,1,14,1,1.00,'2021-05-01'),(474,471,4,1,2,1,15.90,'2021-05-01'),(475,471,6,1,2,1,45.90,'2021-05-01'),(476,473,4,1,14,1,15.90,'2021-05-02'),(477,473,6,1,14,1,45.90,'2021-05-02'),(478,473,1,1,14,1,1.25,'2021-05-02'),(479,476,4,1,18,1,15.90,'2021-05-02'),(480,476,6,1,18,1,45.90,'2021-05-02'),(481,476,1,1,18,1,1.25,'2021-05-02'),(482,479,4,1,18,1,15.90,'2021-05-02'),(483,479,6,1,18,1,45.90,'2021-05-02'),(484,479,1,1,18,1,1.25,'2021-05-02'),(485,482,4,1,1,1,15.90,'2021-05-02'),(486,482,7,1,1,1,1.00,'2021-05-02'),(487,484,4,1,1,1,15.90,'2021-05-02'),(488,485,4,1,1,1,15.90,'2021-05-02'),(489,485,6,1,1,1,45.90,'2021-05-02'),(490,487,4,1,1,1,15.90,'2021-05-02'),(491,487,6,1,1,1,45.90,'2021-05-02'),(492,489,4,1,2,1,15.90,'2021-05-02'),(493,490,4,1,2,1,15.90,'2021-05-02'),(494,490,6,1,2,1,45.90,'2021-05-02'),(495,492,4,1,2,1,15.90,'2021-05-02'),(496,492,6,1,2,1,45.90,'2021-05-02'),(497,492,7,1,2,1,1.00,'2021-05-02'),(498,495,4,1,2,1,15.90,'2021-05-02'),(499,495,7,1,2,1,1.00,'2021-05-02'),(500,497,4,1,2,1,15.90,'2021-05-02'),(501,497,6,1,2,1,45.90,'2021-05-02'),(502,499,4,1,12,1,15.90,'2021-05-02'),(503,499,6,1,12,1,45.90,'2021-05-02'),(504,501,4,1,16,1,15.90,'2021-05-02'),(505,501,6,1,16,1,45.90,'2021-05-02'),(506,503,4,1,1,1,15.90,'2021-05-05'),(507,503,6,1,1,1,45.90,'2021-05-05'),(508,503,7,1,1,1,1.00,'2021-05-05'),(509,506,4,1,1,1,15.90,'2021-05-05'),(510,506,6,1,1,1,45.90,'2021-05-05'),(511,506,7,1,1,1,1.00,'2021-05-05'),(512,509,4,1,1,1,15.90,'2021-05-05'),(513,509,6,1,1,1,45.90,'2021-05-05'),(514,509,5,1,1,1,1.20,'2021-05-05'),(515,512,4,1,1,1,15.90,'2021-05-05'),(516,512,6,1,1,1,45.90,'2021-05-05'),(517,514,4,1,1,1,15.90,'2021-05-05'),(518,514,6,1,1,1,45.90,'2021-05-05'),(519,516,4,1,1,1,15.90,'2021-05-05'),(520,517,4,1,1,1,15.90,'2021-05-05'),(521,518,4,1,1,1,15.90,'2021-05-06'),(522,518,6,1,1,1,45.90,'2021-05-06'),(523,518,7,1,1,1,1.00,'2021-05-06'),(524,521,4,1,1,1,15.90,'2021-05-06'),(525,522,4,1,1,1,15.90,'2021-05-06'),(526,523,4,1,1,1,15.90,'2021-05-09'),(527,523,7,1,1,1,1.00,'2021-05-09'),(528,525,4,1,17,1,15.90,'2021-05-09'),(529,525,6,1,17,1,45.90,'2021-05-09'),(530,525,7,1,17,1,1.00,'2021-05-09'),(531,528,4,1,17,1,15.90,'2021-05-09'),(532,528,7,1,17,1,1.00,'2021-05-09'),(533,528,6,1,17,1,45.90,'2021-05-09'),(534,528,1,1,17,12,15.00,'2021-05-09'),(535,532,4,1,18,1,15.90,'2021-05-09'),(536,532,1,1,18,12,15.00,'2021-05-09'),(537,532,6,1,18,1,45.90,'2021-05-09'),(538,532,7,1,18,1,1.00,'2021-05-09'),(539,536,4,1,14,1,15.90,'2021-05-09'),(540,536,6,1,14,1,45.90,'2021-05-09'),(541,536,1,1,14,1,1.25,'2021-05-09'),(542,536,7,1,14,1,1.00,'2021-05-09'),(543,540,4,1,18,1,15.90,'2021-05-09'),(544,540,1,1,18,1,1.25,'2021-05-09'),(545,540,3,1,18,1,1.25,'2021-05-09'),(546,540,6,1,18,1,45.90,'2021-05-09'),(547,540,7,1,18,1,1.00,'2021-05-09'),(548,540,9,1,18,1,3.90,'2021-05-09'),(549,546,4,1,17,1,15.90,'2021-05-09'),(550,546,1,1,17,1,1.25,'2021-05-09'),(551,546,7,1,17,1,1.00,'2021-05-09'),(552,546,9,1,17,1,3.90,'2021-05-09'),(553,546,6,1,17,1,45.90,'2021-05-09'),(554,551,4,1,2,1,15.90,'2021-05-09'),(555,551,6,1,2,1,45.90,'2021-05-09'),(556,551,7,1,2,1,1.00,'2021-05-09'),(557,551,1,1,2,1,1.25,'2021-05-09'),(558,555,4,1,1,1,15.90,'2021-05-09'),(559,556,4,1,1,1,15.90,'2021-05-09'),(560,557,4,1,18,1,15.90,'2021-05-09'),(561,558,4,1,1,1,15.90,'2021-05-09'),(562,558,6,1,1,1,45.90,'2021-05-09'),(563,560,4,1,1,1,15.90,'2021-05-09'),(564,561,4,1,1,1,15.90,'2021-05-09'),(565,562,4,1,1,1,15.90,'2021-05-09'),(566,563,4,1,1,1,15.90,'2021-05-09'),(567,564,1,1,1,12,15.00,'2021-05-09'),(568,564,6,1,1,1,45.90,'2021-05-09'),(569,564,4,1,1,2,31.80,'2021-05-09'),(570,567,4,1,1,1,15.90,'2021-05-09'),(571,567,6,1,1,1,45.90,'2021-05-09'),(572,567,7,1,1,1,1.00,'2021-05-09'),(573,567,1,1,1,13,16.25,'2021-05-09'),(574,571,4,1,1,1,15.90,'2021-05-09'),(575,571,6,1,1,1,45.90,'2021-05-09'),(576,571,7,1,1,1,1.00,'2021-05-09'),(577,571,1,1,1,15,18.75,'2021-05-09'),(578,575,4,1,1,1,15.90,'2021-05-09'),(579,575,6,1,1,2,91.80,'2021-05-09'),(580,575,1,1,1,15,18.75,'2021-05-09'),(581,578,4,1,1,1,15.90,'2021-05-09'),(582,578,1,1,1,15,18.75,'2021-05-09'),(583,578,6,1,1,2,91.80,'2021-05-09'),(584,578,7,1,1,10,10.00,'2021-05-09'),(585,582,4,1,12,1,15.90,'2021-05-09'),(586,583,4,1,12,1,15.90,'2021-05-09'),(587,584,4,1,1,1,15.90,'2021-05-09'),(588,585,4,1,1,1,15.90,'2021-05-09'),(589,586,4,1,1,1,15.90,'2021-05-09'),(590,587,4,1,2,1,15.90,'2021-05-09'),(591,588,5,1,1,1,1.20,'2021-05-09'),(592,589,4,1,1,1,15.90,'2021-05-09'),(593,589,6,1,1,2,91.80,'2021-05-09'),(594,591,4,1,1,1,15.90,'2021-05-09'),(595,592,4,1,1,1,15.90,'2021-05-09'),(596,593,4,1,14,1,15.90,'2021-05-09'),(597,593,6,1,14,2,91.80,'2021-05-09'),(598,593,7,1,14,1,1.00,'2021-05-09'),(599,593,9,1,14,10,39.00,'2021-05-09'),(600,593,8,1,14,15,45.00,'2021-05-09'),(601,598,5,1,1,1,1.20,'2021-05-09'),(602,598,4,1,1,1,15.90,'2021-05-09'),(603,598,7,1,1,1,1.00,'2021-05-09'),(604,601,4,1,14,1,15.90,'2021-05-09'),(605,601,7,1,14,1,1.00,'2021-05-09'),(606,601,1,1,14,12,15.00,'2021-05-09');
/*!40000 ALTER TABLE `pedidocaixa` ENABLE KEYS */;
UNLOCK TABLES;

--
-- Table structure for table `produtos`
--

DROP TABLE IF EXISTS `produtos`;
/*!40101 SET @saved_cs_client     = @@character_set_client */;
/*!40101 SET character_set_client = utf8 */;
CREATE TABLE `produtos` (
  `codigo` int(11) NOT NULL AUTO_INCREMENT,
  `descricao` varchar(60) DEFAULT NULL,
  `ncm` varchar(20) DEFAULT NULL,
  `un` varchar(2) DEFAULT NULL,
  `preco` decimal(15,2) DEFAULT NULL,
  PRIMARY KEY (`codigo`)
) ENGINE=InnoDB AUTO_INCREMENT=10 DEFAULT CHARSET=latin1;
/*!40101 SET character_set_client = @saved_cs_client */;

--
-- Dumping data for table `produtos`
--

LOCK TABLES `produtos` WRITE;
/*!40000 ALTER TABLE `produtos` DISABLE KEYS */;
INSERT INTO `produtos` VALUES (1,'ESMALTE VERMELHO','78547896584521456325','UN',1.25),(2,'ESMALTE AZUL','78547896585632545214','UN',1.25),(3,'ESMALTE ROXO','45214563258965878547','UN',1.25),(4,'HIDRATANTE PARA O CORPO','0452140563250785447','UN',15.90),(5,'ACETONA','12541458748569852365','UN',1.20),(6,'HIMEL','78547896585632545214','UN',45.90),(7,'CERA QUENTE','123655632547854587','UN',1.00),(8,'PINÇA ','125415652368985','UN',3.00),(9,'TIRA CALO','78945612378547','UN',3.90);
/*!40000 ALTER TABLE `produtos` ENABLE KEYS */;
UNLOCK TABLES;

--
-- Table structure for table `usuarios`
--

DROP TABLE IF EXISTS `usuarios`;
/*!40101 SET @saved_cs_client     = @@character_set_client */;
/*!40101 SET character_set_client = utf8 */;
CREATE TABLE `usuarios` (
  `idusuarios` int(11) NOT NULL AUTO_INCREMENT,
  `nome` varchar(16) NOT NULL,
  `senha` varchar(8) NOT NULL,
  `dt_nascimento` date DEFAULT NULL,
  `ultupdate` timestamp NULL DEFAULT CURRENT_TIMESTAMP ON UPDATE CURRENT_TIMESTAMP,
  PRIMARY KEY (`idusuarios`),
  UNIQUE KEY `usuario_senha_UNIQUE` (`senha`),
  UNIQUE KEY `usuario_nome_UNIQUE` (`nome`)
) ENGINE=InnoDB AUTO_INCREMENT=3 DEFAULT CHARSET=latin1;
/*!40101 SET character_set_client = @saved_cs_client */;

--
-- Dumping data for table `usuarios`
--

LOCK TABLES `usuarios` WRITE;
/*!40000 ALTER TABLE `usuarios` DISABLE KEYS */;
INSERT INTO `usuarios` VALUES (1,'Alexandre','03120808','1974-06-26','2021-04-06 14:04:42'),(2,'Rose','252666','1966-12-25','2021-04-06 22:58:42');
/*!40000 ALTER TABLE `usuarios` ENABLE KEYS */;
UNLOCK TABLES;

--
-- Table structure for table `vendas`
--

DROP TABLE IF EXISTS `vendas`;
/*!40101 SET @saved_cs_client     = @@character_set_client */;
/*!40101 SET character_set_client = utf8 */;
CREATE TABLE `vendas` (
  `idvendas` int(11) NOT NULL AUTO_INCREMENT,
  `id_produto` int(11) DEFAULT NULL,
  `id_caixa` int(11) DEFAULT NULL,
  `id_vendedor` int(11) DEFAULT NULL,
  PRIMARY KEY (`idvendas`),
  CONSTRAINT `fk_vendas_caixa` FOREIGN KEY (`idvendas`) REFERENCES `pedidocaixa` (`idpedidocaixa`) ON DELETE NO ACTION ON UPDATE NO ACTION
) ENGINE=InnoDB DEFAULT CHARSET=latin1;
/*!40101 SET character_set_client = @saved_cs_client */;

--
-- Dumping data for table `vendas`
--

LOCK TABLES `vendas` WRITE;
/*!40000 ALTER TABLE `vendas` DISABLE KEYS */;
/*!40000 ALTER TABLE `vendas` ENABLE KEYS */;
UNLOCK TABLES;

--
-- Table structure for table `vendedores`
--

DROP TABLE IF EXISTS `vendedores`;
/*!40101 SET @saved_cs_client     = @@character_set_client */;
/*!40101 SET character_set_client = utf8 */;
CREATE TABLE `vendedores` (
  `idvendedores` int(11) NOT NULL AUTO_INCREMENT,
  `vendedor` varchar(45) DEFAULT NULL,
  `cpf` varchar(45) DEFAULT NULL,
  `ultupdate` timestamp NULL DEFAULT CURRENT_TIMESTAMP ON UPDATE CURRENT_TIMESTAMP,
  PRIMARY KEY (`idvendedores`),
  UNIQUE KEY `cpf_UNIQUE` (`cpf`)
) ENGINE=InnoDB DEFAULT CHARSET=latin1;
/*!40101 SET character_set_client = @saved_cs_client */;

--
-- Dumping data for table `vendedores`
--

LOCK TABLES `vendedores` WRITE;
/*!40000 ALTER TABLE `vendedores` DISABLE KEYS */;
/*!40000 ALTER TABLE `vendedores` ENABLE KEYS */;
UNLOCK TABLES;

--
-- Dumping events for database 'controle_clientes'
--

--
-- Dumping routines for database 'controle_clientes'
--
/*!40103 SET TIME_ZONE=@OLD_TIME_ZONE */;

/*!40101 SET SQL_MODE=@OLD_SQL_MODE */;
/*!40014 SET FOREIGN_KEY_CHECKS=@OLD_FOREIGN_KEY_CHECKS */;
/*!40014 SET UNIQUE_CHECKS=@OLD_UNIQUE_CHECKS */;
/*!40101 SET CHARACTER_SET_CLIENT=@OLD_CHARACTER_SET_CLIENT */;
/*!40101 SET CHARACTER_SET_RESULTS=@OLD_CHARACTER_SET_RESULTS */;
/*!40101 SET COLLATION_CONNECTION=@OLD_COLLATION_CONNECTION */;
/*!40111 SET SQL_NOTES=@OLD_SQL_NOTES */;

-- Dump completed on 2021-05-09 22:43:54
